date,open,high,low,close,adj_close,volume,source
2023-05-18,1.17,1.17,1.1279,1.1416,1.1416,212408.9,coinbase-exchange
2023-05-19,1.1423,1.1589,1.1184,1.1312,1.1312,204380.6,coinbase-exchange
2023-05-20,1.132,1.1348,1.1117,1.1249,1.1249,154833.5,coinbase-exchange
2023-05-21,1.1239,1.1524,1.0577,1.0748,1.0748,215174.4,coinbase-exchange
2023-05-22,1.0737,1.078,1.0362,1.0499,1.0499,228419.2,coinbase-exchange
2023-05-23,1.051,1.1151,1.0258,1.0536,1.0536,442144.7,coinbase-exchange
2023-05-24,1.0539,1.0539,0.9173,0.9803,0.9803,583155.2,coinbase-exchange
2023-05-25,0.9826,1.0103,0.9387,0.982,0.982,195540.6,coinbase-exchange
2023-05-26,0.9834,1.0095,0.9653,0.9909,0.9909,199666.8,coinbase-exchange
2023-05-27,0.9908,1.0159,0.9838,1.0001,1.0001,143889.0,coinbase-exchange
2023-05-28,0.997,1.0715,0.994,1.0623,1.0623,508247.0,coinbase-exchange
2023-05-29,1.0636,1.0998,1.0255,1.0407,1.0407,1271114.4,coinbase-exchange
2023-05-30,1.0443,1.0632,0.9989,1.0019,1.0019,1127964.1,coinbase-exchange
2023-05-31,1.0011,1.01,0.945,0.9741,0.9741,671833.9,coinbase-exchange
2023-06-01,0.9754,0.9794,0.9407,0.9467,0.9467,343504.9,coinbase-exchange
2023-06-02,0.944,0.9619,0.9075,0.9421,0.9421,984218.5,coinbase-exchange
2023-06-03,0.9408,0.9504,0.9092,0.9341,0.9341,312451.0,coinbase-exchange
2023-06-04,0.9307,0.9777,0.9278,0.9605,0.9605,337861.5,coinbase-exchange
2023-06-05,0.9601,0.9697,0.7509,0.8184,0.8184,1906340.6,coinbase-exchange
2023-06-06,0.8179,0.8494,0.7559,0.8317,0.8317,1212224.0,coinbase-exchange
2023-06-07,0.8276,0.8291,0.735,0.7576,0.7576,675500.8,coinbase-exchange
2023-06-08,0.7575,0.7933,0.7159,0.7304,0.7304,854483.7,coinbase-exchange
2023-06-09,0.7292,0.763,0.7118,0.7389,0.7389,609803.2,coinbase-exchange
2023-06-10,0.7396,0.7404,0.51,0.6104,0.6104,2263340.5,coinbase-exchange
2023-06-11,0.6121,0.6244,0.5879,0.605,0.605,856487.8,coinbase-exchange
2023-06-12,0.6057,0.6885,0.57,0.6622,0.6622,1168800.1,coinbase-exchange
2023-06-13,0.6625,0.7299,0.6619,0.6979,0.6979,2029534.5,coinbase-exchange
2023-06-14,0.6977,0.7115,0.6297,0.6503,0.6503,1058621.5,coinbase-exchange
2023-06-15,0.6489,0.6586,0.6187,0.6482,0.6482,568187.6,coinbase-exchange
2023-06-16,0.6464,0.7271,0.6237,0.7075,0.7075,1186303.6,coinbase-exchange
2023-06-17,0.7055,0.7796,0.7049,0.7504,0.7504,2129107.9,coinbase-exchange
2023-06-18,0.751,0.7954,0.714,0.7177,0.7177,857639.9,coinbase-exchange
2023-06-19,0.7218,0.7924,0.7099,0.7844,0.7844,869913.2,coinbase-exchange
2023-06-20,0.7828,0.8279,0.75,0.8183,0.8183,2236734.1,coinbase-exchange
2023-06-21,0.8167,0.85,0.7694,0.8307,0.8307,2880017.4,coinbase-exchange
2023-06-22,0.8309,0.8907,0.7925,0.8038,0.8038,2389142.4,coinbase-exchange
2023-06-23,0.8087,0.8349,0.7767,0.7986,0.7986,1959323.4,coinbase-exchange
2023-06-24,0.798,0.798,0.7263,0.7535,0.7535,1038801.9,coinbase-exchange
2023-06-25,0.7549,0.78,0.7411,0.745,0.745,736285.1,coinbase-exchange
2023-06-26,0.743,0.7588,0.7124,0.7255,0.7255,538637.2,coinbase-exchange
2023-06-27,0.7246,0.7569,0.7023,0.7213,0.7213,1073733.6,coinbase-exchange
2023-06-28,0.7196,0.7196,0.6377,0.6638,0.6638,1142115.4,coinbase-exchange
2023-06-29,0.6633,0.7283,0.6609,0.6798,0.6798,2291090.4,coinbase-exchange
2023-06-30,0.6803,0.7116,0.6278,0.6889,0.6889,2109379.5,coinbase-exchange
2023-07-01,0.6883,0.6889,0.6673,0.6888,0.6888,485276.2,coinbase-exchange
2023-07-02,0.6888,0.6932,0.6611,0.691,0.691,687590.1,coinbase-exchange
2023-07-03,0.6915,0.7167,0.6856,0.7,0.7,2100732.2,coinbase-exchange
2023-07-04,0.6961,0.7367,0.6813,0.6858,0.6858,1221523.0,coinbase-exchange
2023-07-05,0.6877,0.6901,0.6461,0.6627,0.6627,773956.3,coinbase-exchange
2023-07-06,0.6611,0.681,0.6347,0.6479,0.6479,630743.5,coinbase-exchange
2023-07-07,0.6494,0.6673,0.6412,0.6608,0.6608,515677.0,coinbase-exchange
2023-07-08,0.6611,0.6675,0.642,0.6526,0.6526,247807.3,coinbase-exchange
2023-07-09,0.6518,0.6655,0.6511,0.6582,0.6582,198788.8,coinbase-exchange
2023-07-10,0.6568,0.666,0.6292,0.6551,0.6551,690406.7,coinbase-exchange
2023-07-11,0.6565,0.6688,0.6442,0.656,0.656,409348.1,coinbase-exchange
2023-07-12,0.6569,0.6865,0.646,0.656,0.656,687837.5,coinbase-exchange
2023-07-13,0.6563,0.7333,0.6494,0.6984,0.6984,1922164.2,coinbase-exchange
2023-07-14,0.7002,0.7778,0.6586,0.6806,0.6806,3180409.4,coinbase-exchange
2023-07-15,0.6807,0.6978,0.668,0.6833,0.6833,287331.6,coinbase-exchange
2023-07-16,0.6838,0.6938,0.6631,0.672,0.672,455553.6,coinbase-exchange
2023-07-17,0.669,0.7311,0.6666,0.7203,0.7203,1235205.8,coinbase-exchange
2023-07-18,0.7255,0.8056,0.707,0.7364,0.7364,5213383.6,coinbase-exchange
2023-07-19,0.7364,0.775,0.7028,0.7106,0.7106,2441317.3,coinbase-exchange
2023-07-20,0.7103,0.7278,0.6813,0.6887,0.6887,1893490.4,coinbase-exchange
2023-07-21,0.6888,0.74,0.6721,0.6839,0.6839,1212543.2,coinbase-exchange
2023-07-22,0.6839,0.7047,0.6827,0.6932,0.6932,340709.0,coinbase-exchange
2023-07-23,0.6945,0.7027,0.6737,0.681,0.681,398163.2,coinbase-exchange
2023-07-24,0.6797,0.6807,0.6084,0.6368,0.6368,893503.4,coinbase-exchange
2023-07-25,0.6373,0.6512,0.6267,0.6388,0.6388,425920.4,coinbase-exchange
2023-07-26,0.6333,0.6437,0.6167,0.6341,0.6341,1897470.4,coinbase-exchange
2023-07-27,0.6354,0.6502,0.6255,0.6304,0.6304,519431.6,coinbase-exchange
2023-07-28,0.6307,0.6425,0.6251,0.6296,0.6296,242235.1,coinbase-exchange
2023-07-29,0.6284,0.6412,0.6259,0.6389,0.6389,174581.4,coinbase-exchange
2023-07-30,0.6385,0.6394,0.5985,0.6208,0.6208,434802.4,coinbase-exchange
2023-07-31,0.6195,0.6345,0.6136,0.6323,0.6323,320404.0,coinbase-exchange
2023-08-01,0.6312,0.6471,0.61,0.6468,0.6468,438491.9,coinbase-exchange
2023-08-02,0.6469,0.6498,0.6078,0.6147,0.6147,649277.9,coinbase-exchange
2023-08-03,0.6138,0.6193,0.585,0.5927,0.5927,856769.9,coinbase-exchange
2023-08-04,0.5916,0.6019,0.5788,0.5921,0.5921,575876.8,coinbase-exchange
2023-08-05,0.5918,0.5918,0.5808,0.5916,0.5916,211655.6,coinbase-exchange
2023-08-06,0.5907,0.6089,0.5897,0.5909,0.5909,469100.9,coinbase-exchange
2023-08-07,0.5923,0.5982,0.5611,0.5818,0.5818,834349.0,coinbase-exchange
2023-08-08,0.5818,0.6021,0.576,0.5942,0.5942,615482.4,coinbase-exchange
2023-08-09,0.5947,0.6255,0.5884,0.5949,0.5949,920671.0,coinbase-exchange
2023-08-10,0.5947,0.6047,0.5871,0.6044,0.6044,348083.0,coinbase-exchange
2023-08-11,0.6049,0.6167,0.5961,0.6048,0.6048,226373.5,coinbase-exchange
2023-08-12,0.604,0.6132,0.6023,0.6074,0.6074,213606.7,coinbase-exchange
2023-08-13,0.6069,0.6139,0.5943,0.5989,0.5989,324768.1,coinbase-exchange
2023-08-14,0.5976,0.6047,0.5879,0.5996,0.5996,830243.5,coinbase-exchange
2023-08-15,0.5997,0.6022,0.5401,0.561,0.561,378208.2,coinbase-exchange
2023-08-16,0.5605,0.5779,0.51,0.527,0.527,632585.2,coinbase-exchange
2023-08-17,0.527,0.5357,0.44,0.4761,0.4761,1194787.3,coinbase-exchange
2023-08-18,0.4739,0.4892,0.4656,0.4843,0.4843,1089091.3,coinbase-exchange
2023-08-19,0.4836,0.5644,0.483,0.5592,0.5592,2082983.2,coinbase-exchange
2023-08-20,0.56,0.5751,0.5371,0.5436,0.5436,1294296.0,coinbase-exchange
2023-08-21,0.5415,0.5459,0.5006,0.514,0.514,1301433.2,coinbase-exchange
2023-08-22,0.5149,0.558,0.5058,0.5355,0.5355,1666193.0,coinbase-exchange
2023-08-23,0.536,0.6236,0.5356,0.601,0.601,2265655.3,coinbase-exchange
2023-08-24,0.6028,0.6209,0.5569,0.5719,0.5719,1531169.8,coinbase-exchange
2023-08-25,0.5705,0.5705,0.5342,0.5564,0.5564,1163462.1,coinbase-exchange
2023-08-26,0.5547,0.6032,0.5477,0.588,0.588,1568178.1,coinbase-exchange
2023-08-27,0.5872,0.597,0.5732,0.583,0.583,487366.2,coinbase-exchange
2023-08-28,0.5805,0.5819,0.5357,0.5474,0.5474,1409153.2,coinbase-exchange
2023-08-29,0.547,0.551,0.5085,0.5454,0.5454,2415236.1,coinbase-exchange
2023-08-30,0.5454,0.546,0.5158,0.5251,0.5251,797996.2,coinbase-exchange
2023-08-31,0.5247,0.5248,0.4832,0.5004,0.5004,801956.3,coinbase-exchange
2023-09-01,0.5009,0.5158,0.4814,0.4888,0.4888,663572.8,coinbase-exchange
2023-09-02,0.4888,0.5033,0.4828,0.4911,0.4911,347373.8,coinbase-exchange
2023-09-03,0.4906,0.5025,0.4731,0.4836,0.4836,383882.9,coinbase-exchange
2023-09-04,0.4842,0.4959,0.4722,0.4826,0.4826,1272182.0,coinbase-exchange
2023-09-05,0.4832,0.4928,0.4669,0.4905,0.4905,593100.5,coinbase-exchange
2023-09-06,0.49,0.4985,0.4738,0.4809,0.4809,1418276.8,coinbase-exchange
2023-09-07,0.4812,0.4871,0.4766,0.4852,0.4852,588936.9,coinbase-exchange
2023-09-08,0.4852,0.4927,0.4738,0.4813,0.4813,386342.6,coinbase-exchange
2023-09-09,0.4799,0.4849,0.4767,0.4809,0.4809,227377.1,coinbase-exchange
2023-09-10,0.4807,0.4807,0.445,0.4551,0.4551,535645.6,coinbase-exchange
2023-09-11,0.4546,0.4549,0.4189,0.4262,0.4262,1485617.1,coinbase-exchange
2023-09-12,0.4264,0.4569,0.4232,0.428,0.428,1672900.4,coinbase-exchange
2023-09-13,0.4276,0.445,0.4188,0.4432,0.4432,1107662.1,coinbase-exchange
2023-09-14,0.4431,0.4515,0.4362,0.4458,0.4458,461370.0,coinbase-exchange
2023-09-15,0.4454,0.4479,0.4317,0.4462,0.4462,962690.1,coinbase-exchange
2023-09-16,0.4474,0.4669,0.4462,0.4668,0.4668,670085.2,coinbase-exchange
2023-09-17,0.466,0.466,0.4259,0.4357,0.4357,847653.7,coinbase-exchange
2023-09-18,0.4346,0.4536,0.4266,0.4492,0.4492,1059383.5,coinbase-exchange
2023-09-19,0.4509,0.4566,0.4471,0.4539,0.4539,582946.3,coinbase-exchange
2023-09-20,0.4541,0.4547,0.4368,0.4474,0.4474,785581.6,coinbase-exchange
2023-09-21,0.4474,0.4571,0.4339,0.4399,0.4399,362806.3,coinbase-exchange
2023-09-22,0.4399,0.4452,0.4339,0.4448,0.4448,377627.4,coinbase-exchange
2023-09-23,0.4455,0.4506,0.44,0.4456,0.4456,129430.9,coinbase-exchange
2023-09-24,0.4462,0.4654,0.4363,0.4391,0.4391,527367.8,coinbase-exchange
2023-09-25,0.4364,0.4487,0.4331,0.4423,0.4423,468148.9,coinbase-exchange
2023-09-26,0.4426,0.4451,0.4344,0.4387,0.4387,408283.6,coinbase-exchange
2023-09-27,0.4375,0.4431,0.4275,0.4373,0.4373,337048.4,coinbase-exchange
2023-09-28,0.4398,0.45,0.435,0.4462,0.4462,302561.7,coinbase-exchange
2023-09-29,0.447,0.4966,0.4443,0.4788,0.4788,1447469.0,coinbase-exchange
2023-09-30,0.4784,0.4856,0.4624,0.4704,0.4704,358601.2,coinbase-exchange
2023-10-01,0.4705,0.5092,0.4649,0.5058,0.5058,911190.2,coinbase-exchange
2023-10-02,0.507,0.5072,0.4595,0.4683,0.4683,600468.8,coinbase-exchange
2023-10-03,0.4659,0.4683,0.4418,0.4447,0.4447,881229.2,coinbase-exchange
2023-10-04,0.4437,0.446,0.4254,0.4419,0.4419,548354.6,coinbase-exchange
2023-10-05,0.4435,0.449,0.4331,0.4346,0.4346,284113.0,coinbase-exchange
2023-10-06,0.4355,0.4482,0.4331,0.4429,0.4429,313915.6,coinbase-exchange
2023-10-07,0.4437,0.4591,0.4385,0.4429,0.4429,402433.0,coinbase-exchange
2023-10-08,0.4433,0.4441,0.4352,0.4377,0.4377,320448.9,coinbase-exchange
2023-10-09,0.4378,0.4388,0.402,0.4166,0.4166,721556.4,coinbase-exchange
2023-10-10,0.4165,0.4186,0.4118,0.4156,0.4156,141203.2,coinbase-exchange
2023-10-11,0.4166,0.4171,0.4015,0.4099,0.4099,240361.7,coinbase-exchange
2023-10-12,0.4085,0.4128,0.4008,0.4074,0.4074,323579.3,coinbase-exchange
2023-10-13,0.407,0.4239,0.4061,0.413,0.413,253430.1,coinbase-exchange
2023-10-14,0.4122,0.419,0.4115,0.4157,0.4157,281899.6,coinbase-exchange
2023-10-15,0.4157,0.4157,0.4052,0.41,0.41,1084989.1,coinbase-exchange
2023-10-16,0.41,0.4294,0.4046,0.4108,0.4108,678642.3,coinbase-exchange
2023-10-17,0.4102,0.4119,0.3689,0.3808,0.3808,970459.9,coinbase-exchange
2023-10-18,0.3803,0.3903,0.3644,0.3825,0.3825,906748.9,coinbase-exchange
2023-10-19,0.3828,0.3828,0.363,0.3711,0.3711,672703.3,coinbase-exchange
2023-10-20,0.3712,0.3882,0.3648,0.3832,0.3832,481603.6,coinbase-exchange
2023-10-21,0.3829,0.4,0.3808,0.3912,0.3912,1400196.2,coinbase-exchange
2023-10-22,0.3909,0.4184,0.3877,0.4036,0.4036,881432.0,coinbase-exchange
2023-10-23,0.4043,0.4217,0.3939,0.4207,0.4207,4888872.0,coinbase-exchange
2023-10-24,0.4214,0.4598,0.4163,0.4342,0.4342,2529731.4,coinbase-exchange
2023-10-25,0.4347,0.4503,0.42,0.4361,0.4361,1678523.2,coinbase-exchange
2023-10-26,0.4352,0.4631,0.4179,0.4407,0.4407,939635.2,coinbase-exchange
2023-10-27,0.4384,0.4564,0.4207,0.4312,0.4312,1056750.3,coinbase-exchange
2023-10-28,0.4326,0.4782,0.4326,0.4672,0.4672,1131505.9,coinbase-exchange
2023-10-29,0.4669,0.4674,0.451,0.4526,0.4526,929663.5,coinbase-exchange
2023-10-30,0.4549,0.4739,0.4432,0.4636,0.4636,2089084.6,coinbase-exchange
2023-10-31,0.4636,0.489,0.42,0.4433,0.4433,2106169.5,coinbase-exchange
2023-11-01,0.4431,0.4729,0.4256,0.4656,0.4656,1568409.8,coinbase-exchange
2023-11-02,0.4667,0.4815,0.4418,0.4586,0.4586,1476539.4,coinbase-exchange
2023-11-03,0.4578,0.4578,0.4317,0.4559,0.4559,726830.3,coinbase-exchange
2023-11-04,0.4531,0.52,0.4511,0.5057,0.5057,1299650.6,coinbase-exchange
2023-11-05,0.5069,0.5232,0.4833,0.5031,0.5031,1305708.7,coinbase-exchange
2023-11-06,0.4985,0.5375,0.4874,0.528,0.528,5071799.1,coinbase-exchange
2023-11-07,0.5259,0.5287,0.4924,0.5247,0.5247,947414.0,coinbase-exchange
2023-11-08,0.5221,0.6016,0.5176,0.5785,0.5785,3939973.3,coinbase-exchange
2023-11-09,0.5763,0.6072,0.4879,0.5622,0.5622,5778093.2,coinbase-exchange
2023-11-10,0.5586,0.63,0.535,0.6101,0.6101,4908428.1,coinbase-exchange
2023-11-11,0.6107,0.6145,0.5687,0.5928,0.5928,3933439.5,coinbase-exchange
2023-11-12,0.5927,0.646,0.5576,0.6188,0.6188,4741883.5,coinbase-exchange
2023-11-13,0.619,0.659,0.6001,0.6001,0.6001,2684107.6,coinbase-exchange
2023-11-14,0.6014,0.6293,0.538,0.5661,0.5661,2373898.7,coinbase-exchange
2023-11-15,0.5657,0.6209,0.56,0.6191,0.6191,2393058.1,coinbase-exchange
2023-11-16,0.6198,0.6412,0.55,0.5647,0.5647,5358443.7,coinbase-exchange
2023-11-17,0.5638,0.586,0.525,0.5544,0.5544,3458741.2,coinbase-exchange
2023-11-18,0.5531,0.5554,0.5151,0.545,0.545,891590.7,coinbase-exchange
2023-11-19,0.5441,0.5667,0.529,0.5648,0.5648,838348.0,coinbase-exchange
2023-11-20,0.5621,0.5786,0.5438,0.5555,0.5555,1373873.5,coinbase-exchange
2023-11-21,0.5539,0.5817,0.4989,0.5041,0.5041,1877663.2,coinbase-exchange
2023-11-22,0.5012,0.5628,0.5007,0.5575,0.5575,1283216.8,coinbase-exchange
2023-11-23,0.5558,0.5951,0.5529,0.588,0.588,1572106.4,coinbase-exchange
2023-11-24,0.588,0.6412,0.5816,0.6277,0.6277,2004886.5,coinbase-exchange
2023-11-25,0.6274,0.6893,0.6217,0.6558,0.6558,3058920.6,coinbase-exchange
2023-11-26,0.6546,0.6686,0.6083,0.6358,0.6358,1532845.3,coinbase-exchange
2023-11-27,0.6335,0.6475,0.577,0.593,0.593,1831990.1,coinbase-exchange
2023-11-28,0.593,0.6302,0.5642,0.6183,0.6183,1910476.2,coinbase-exchange
2023-11-29,0.6184,0.6234,0.5785,0.6022,0.6022,2030885.3,coinbase-exchange
2023-11-30,0.6004,0.6405,0.5875,0.5974,0.5974,2769353.9,coinbase-exchange
2023-12-01,0.5975,0.6283,0.5917,0.6132,0.6132,1627888.3,coinbase-exchange
2023-12-02,0.614,0.634,0.6042,0.6262,0.6262,1518881.6,coinbase-exchange
2023-12-03,0.624,0.6303,0.599,0.6152,0.6152,3014758.0,coinbase-exchange
2023-12-04,0.6157,0.6466,0.5547,0.629,0.629,4572346.7,coinbase-exchange
2023-12-05,0.6298,0.6592,0.618,0.6442,0.6442,3814473.2,coinbase-exchange
2023-12-06,0.647,0.6671,0.6037,0.6187,0.6187,3070289.5,coinbase-exchange
2023-12-07,0.6221,0.72,0.6049,0.6721,0.6721,8121675.0,coinbase-exchange
2023-12-08,0.6721,0.7176,0.6689,0.704,0.704,9272614.6,coinbase-exchange
2023-12-09,0.7036,0.7261,0.6619,0.6784,0.6784,5000906.2,coinbase-exchange
2023-12-10,0.6784,0.7154,0.6673,0.69,0.69,4671863.0,coinbase-exchange
2023-12-11,0.6925,0.7153,0.6047,0.6289,0.6289,9044082.4,coinbase-exchange
2023-12-12,0.6284,0.6631,0.619,0.6599,0.6599,3491536.6,coinbase-exchange
2023-12-13,0.6605,0.6662,0.6054,0.6527,0.6527,4389488.2,coinbase-exchange
2023-12-14,0.6541,0.6708,0.6288,0.655,0.655,2795447.7,coinbase-exchange
2023-12-15,0.655,0.6552,0.6156,0.6157,0.6157,3401516.1,coinbase-exchange
2023-12-16,0.6166,0.6491,0.6,0.6323,0.6323,1602807.8,coinbase-exchange
2023-12-17,0.6329,0.6364,0.6038,0.6092,0.6092,1819082.2,coinbase-exchange
2023-12-18,0.6095,0.619,0.5633,0.6103,0.6103,2676143.5,coinbase-exchange
2023-12-19,0.6104,0.7375,0.6057,0.6779,0.6779,13718707.1,coinbase-exchange
2023-12-20,0.6794,0.7477,0.6445,0.6879,0.6879,12900983.3,coinbase-exchange
2023-12-21,0.6877,0.7182,0.6677,0.6882,0.6882,3920323.6,coinbase-exchange
2023-12-22,0.6883,0.7021,0.6565,0.6943,0.6943,4950668.2,coinbase-exchange
2023-12-23,0.6953,0.7599,0.6932,0.754,0.754,6027818.2,coinbase-exchange
2023-12-24,0.7555,0.7623,0.7035,0.7141,0.7141,4314110.2,coinbase-exchange
2023-12-25,0.7186,0.8297,0.7102,0.8178,0.8178,6014177.5,coinbase-exchange
2023-12-26,0.8177,0.9127,0.7734,0.8833,0.8833,11300016.7,coinbase-exchange
2023-12-27,0.8878,0.9209,0.8204,0.8313,0.8313,5991772.5,coinbase-exchange
2023-12-28,0.8301,0.8645,0.7762,0.7968,0.7968,7072703.0,coinbase-exchange
2023-12-29,0.7976,0.862,0.7601,0.806,0.806,4435744.6,coinbase-exchange
2023-12-30,0.805,0.8221,0.77,0.8081,0.8081,3350669.4,coinbase-exchange
2023-12-31,0.8078,0.8315,0.765,0.775,0.775,2669909.2,coinbase-exchange
2024-01-01,0.7754,0.8471,0.7561,0.8441,0.8441,3378645.4,coinbase-exchange
2024-01-02,0.8429,0.9319,0.7785,0.9061,0.9061,9046158.0,coinbase-exchange
2024-01-03,0.9051,0.9621,0.683,0.843,0.843,11311011.0,coinbase-exchange
2024-01-04,0.843,0.871,0.8059,0.8544,0.8544,9102947.8,coinbase-exchange
2024-01-05,0.8551,0.9037,0.7681,0.9,0.9,8225775.2,coinbase-exchange
2024-01-06,0.9008,0.9044,0.8089,0.8319,0.8319,9838302.9,coinbase-exchange
2024-01-07,0.8318,0.8603,0.792,0.8009,0.8009,5970769.7,coinbase-exchange
2024-01-08,0.7973,0.895,0.7205,0.8607,0.8607,9455471.3,coinbase-exchange
2024-01-09,0.861,0.8744,0.776,0.7987,0.7987,5483055.8,coinbase-exchange
2024-01-10,0.7973,0.8625,0.7613,0.8428,0.8428,7879983.3,coinbase-exchange
2024-01-11,0.843,1.1508,0.8307,1.0914,1.0914,23352803.6,coinbase-exchange
2024-01-12,1.0891,1.2257,1.0437,1.1683,1.1683,31105785.2,coinbase-exchange
2024-01-13,1.1689,1.3652,1.1169,1.2882,1.2882,24761886.7,coinbase-exchange
2024-01-14,1.2896,1.3531,1.2317,1.25,1.25,8977441.9,coinbase-exchange
2024-01-15,1.2517,1.4496,1.2494,1.3706,1.3706,21437082.9,coinbase-exchange
2024-01-16,1.3719,1.3982,1.2391,1.2706,1.2706,12929314.6,coinbase-exchange
2024-01-17,1.2708,1.33,1.2016,1.2914,1.2914,15592687.7,coinbase-exchange
2024-01-18,1.2925,1.347,1.1434,1.1582,1.1582,14365948.0,coinbase-exchange
2024-01-19,1.1582,1.1908,1.0836,1.1645,1.1645,14456115.6,coinbase-exchange
2024-01-20,1.165,1.1651,1.0565,1.1016,1.1016,10435001.4,coinbase-exchange
2024-01-21,1.1017,1.128,1.0518,1.0605,1.0605,5423245.0,coinbase-exchange
2024-01-22,1.0597,1.1327,1.01,1.0719,1.0719,15063475.4,coinbase-exchange
2024-01-23,1.0702,1.2848,1.0142,1.1851,1.1851,30686300.6,coinbase-exchange
2024-01-24,1.1851,1.3163,1.1417,1.2925,1.2925,24932188.1,coinbase-exchange
2024-01-25,1.292,1.2934,1.1636,1.1775,1.1775,15891857.0,coinbase-exchange
2024-01-26,1.1766,1.4736,1.1568,1.4582,1.4582,28576196.2,coinbase-exchange
2024-01-27,1.4589,1.5,1.3725,1.394,1.394,21192360.2,coinbase-exchange
2024-01-28,1.3944,1.4884,1.31,1.3327,1.3327,18084292.0,coinbase-exchange
2024-01-29,1.333,1.5866,1.327,1.5629,1.5629,36215904.7,coinbase-exchange
2024-01-30,1.5637,1.65,1.5141,1.5452,1.5452,27662887.2,coinbase-exchange
2024-01-31,1.5442,1.6377,1.483,1.5174,1.5174,27572972.6,coinbase-exchange
2024-02-01,1.5177,1.5677,1.4306,1.5253,1.5253,24927520.3,coinbase-exchange
2024-02-02,1.5266,1.5442,1.4433,1.4621,1.4621,15617253.9,coinbase-exchange
2024-02-03,1.4625,1.4844,1.3873,1.4375,1.4375,9309011.3,coinbase-exchange
2024-02-04,1.4377,1.5396,1.4231,1.4641,1.4641,11510727.5,coinbase-exchange
2024-02-05,1.4641,1.6553,1.4316,1.5735,1.5735,16768289.1,coinbase-exchange
2024-02-06,1.5747,1.6142,1.5076,1.5178,1.5178,12288071.5,coinbase-exchange
2024-02-07,1.5182,1.5591,1.4838,1.5407,1.5407,10899349.7,coinbase-exchange
2024-02-08,1.5412,1.5868,1.5,1.5269,1.5269,9011187.8,coinbase-exchange
2024-02-09,1.5253,1.8079,1.5197,1.7627,1.7627,14359743.2,coinbase-exchange
2024-02-10,1.7633,1.814,1.7,1.732,1.732,8507431.9,coinbase-exchange
2024-02-11,1.7375,1.7987,1.6784,1.6941,1.6941,8540399.0,coinbase-exchange
2024-02-12,1.6963,1.8309,1.689,1.7621,1.7621,8571577.4,coinbase-exchange
2024-02-13,1.763,1.8825,1.7288,1.858,1.858,14409539.0,coinbase-exchange
2024-02-14,1.8565,1.973,1.814,1.9081,1.9081,9534157.7,coinbase-exchange
2024-02-15,1.9081,1.9483,1.8216,1.8651,1.8651,9468022.6,coinbase-exchange
2024-02-16,1.8651,1.8828,1.75,1.8091,1.8091,7695686.7,coinbase-exchange
2024-02-17,1.8093,1.8152,1.7022,1.7687,1.7687,5043024.2,coinbase-exchange
2024-02-18,1.7688,1.8166,1.7335,1.7999,1.7999,6143660.1,coinbase-exchange
2024-02-19,1.8005,1.8334,1.7365,1.7743,1.7743,8341259.3,coinbase-exchange
2024-02-20,1.7729,1.779,1.6124,1.7183,1.7183,8723783.4,coinbase-exchange
2024-02-21,1.7171,1.7216,1.6191,1.6924,1.6924,6492097.7,coinbase-exchange
2024-02-22,1.6915,1.7719,1.6388,1.7176,1.7176,7636419.6,coinbase-exchange
2024-02-23,1.7174,1.7463,1.5644,1.6034,1.6034,14006545.8,coinbase-exchange
2024-02-24,1.6015,1.6658,1.5526,1.6356,1.6356,5182464.1,coinbase-exchange
2024-02-25,1.6378,1.6535,1.6125,1.6452,1.6452,2913083.0,coinbase-exchange
2024-02-26,1.6452,1.718,1.5791,1.6721,1.6721,7926226.1,coinbase-exchange
2024-02-27,1.671,1.7054,1.581,1.6155,1.6155,10776151.9,coinbase-exchange
2024-02-28,1.6137,1.7201,1.37,1.5854,1.5854,14029547.9,coinbase-exchange
2024-02-29,1.5856,1.72,1.5665,1.6776,1.6776,17263184.5,coinbase-exchange
2024-03-01,1.6788,1.7458,1.6533,1.6915,1.6915,8719738.4,coinbase-exchange
2024-03-02,1.6908,1.71,1.5891,1.623,1.623,9131611.3,coinbase-exchange
2024-03-03,1.6217,1.6291,1.412,1.5595,1.5595,9091544.5,coinbase-exchange
2024-03-04,1.5598,1.5911,1.4333,1.4881,1.4881,18866864.8,coinbase-exchange
2024-03-05,1.4879,1.5862,1.16,1.401,1.401,22445053.3,coinbase-exchange
2024-03-06,1.3992,1.5094,1.36,1.476,1.476,17303154.5,coinbase-exchange
2024-03-07,1.4757,1.62,1.4726,1.5828,1.5828,13336382.1,coinbase-exchange
2024-03-08,1.5832,1.6053,1.4513,1.5463,1.5463,11540972.5,coinbase-exchange
2024-03-09,1.5468,1.6749,1.5228,1.5867,1.5867,8874855.8,coinbase-exchange
2024-03-10,1.587,1.6556,1.5181,1.5567,1.5567,5680645.6,coinbase-exchange
2024-03-11,1.5564,1.5935,1.4786,1.5731,1.5731,13383016.2,coinbase-exchange
2024-03-12,1.5725,1.6354,1.4307,1.5995,1.5995,10965291.3,coinbase-exchange
2024-03-13,1.6002,1.6985,1.5748,1.6222,1.6222,9859881.8,coinbase-exchange
2024-03-14,1.6223,1.6615,1.4703,1.5666,1.5666,10932472.7,coinbase-exchange
2024-03-15,1.567,1.5822,1.3397,1.4919,1.4919,18879425.6,coinbase-exchange
2024-03-16,1.4928,1.7167,1.4848,1.6333,1.6333,27139155.4,coinbase-exchange
2024-03-17,1.6331,1.6369,1.4389,1.62,1.62,12734219.8,coinbase-exchange
2024-03-18,1.62,1.7523,1.5181,1.5208,1.5208,16656380.9,coinbase-exchange
2024-03-19,1.5232,1.7358,1.43,1.6471,1.6471,25654586.4,coinbase-exchange
2024-03-20,1.6452,1.7803,1.5013,1.7545,1.7545,24885130.3,coinbase-exchange
2024-03-21,1.7539,1.95,1.7407,1.8287,1.8287,21078835.5,coinbase-exchange
2024-03-22,1.8253,1.8324,1.685,1.7327,1.7327,10883592.8,coinbase-exchange
2024-03-23,1.732,1.7384,1.6423,1.6456,1.6456,5467042.1,coinbase-exchange
2024-03-24,1.6441,1.7828,1.6201,1.6793,1.6793,5557144.8,coinbase-exchange
2024-03-25,1.6794,1.7471,1.6571,1.7047,1.7047,9127863.7,coinbase-exchange
2024-03-26,1.7047,1.896,1.6966,1.8853,1.8853,16237571.2,coinbase-exchange
2024-03-27,1.8852,2.1816,1.8555,2.0763,2.0763,28456518.6,coinbase-exchange
2024-03-28,2.0728,2.164,1.9578,2.0228,2.0228,10927234.9,coinbase-exchange
2024-03-29,2.0222,2.1473,1.9006,1.9043,1.9043,12066413.6,coinbase-exchange
2024-03-30,1.9044,1.9561,1.8679,1.8809,1.8809,4313245.4,coinbase-exchange
2024-03-31,1.8812,1.9257,1.8647,1.9144,1.9144,4085241.4,coinbase-exchange
2024-04-01,1.9124,2.075,1.8032,1.9421,1.9421,18563709.1,coinbase-exchange
2024-04-02,1.9412,2.0095,1.7263,1.7336,1.7336,14027425.8,coinbase-exchange
2024-04-03,1.734,1.7673,1.6188,1.6682,1.6682,9070459.4,coinbase-exchange
2024-04-04,1.6667,1.7436,1.6584,1.684,1.684,5580692.1,coinbase-exchange
2024-04-05,1.684,1.684,1.5418,1.6081,1.6081,5798839.3,coinbase-exchange
2024-04-06,1.6096,1.645,1.6013,1.6251,1.6251,2038858.8,coinbase-exchange
2024-04-07,1.6245,1.6684,1.6173,1.6425,1.6425,2723082.2,coinbase-exchange
2024-04-08,1.6418,1.7226,1.619,1.711,1.711,4107741.7,coinbase-exchange
2024-04-09,1.7097,1.7185,1.5713,1.5742,1.5742,5673524.2,coinbase-exchange
2024-04-10,1.5745,1.5841,1.4588,1.5211,1.5211,8025771.8,coinbase-exchange
2024-04-11,1.5218,1.5603,1.4754,1.4907,1.4907,6660910.4,coinbase-exchange
2024-04-12,1.4908,1.5143,1.0338,1.2402,1.2402,27380669.3,coinbase-exchange
2024-04-13,1.2402,1.2463,0.8973,1.0644,1.0644,26163225.4,coinbase-exchange
2024-04-14,1.0629,1.2094,1.0274,1.2,1.2,15326336.6,coinbase-exchange
2024-04-15,1.1997,1.2997,1.1161,1.1711,1.1711,13569282.2,coinbase-exchange
2024-04-16,1.1724,1.2687,1.1059,1.225,1.225,14938238.6,coinbase-exchange
2024-04-17,1.2233,1.3578,1.1784,1.2596,1.2596,13912350.5,coinbase-exchange
2024-04-18,1.2596,1.2874,1.1993,1.2572,1.2572,7887017.3,coinbase-exchange
2024-04-19,1.253,1.3915,1.1344,1.3341,1.3341,13008482.6,coinbase-exchange
2024-04-20,1.3333,1.4355,1.3053,1.4285,1.4285,6950310.8,coinbase-exchange
2024-04-21,1.4285,1.4456,1.3409,1.3717,1.3717,4510154.2,coinbase-exchange
2024-04-22,1.3716,1.441,1.3544,1.3937,1.3937,4662450.1,coinbase-exchange
2024-04-23,1.3945,1.4176,1.3109,1.3259,1.3259,4610174.5,coinbase-exchange
2024-04-24,1.3265,1.3495,1.2357,1.2504,1.2504,7110156.2,coinbase-exchange
2024-04-25,1.2499,1.2653,1.1869,1.2241,1.2241,8227420.6,coinbase-exchange
2024-04-26,1.2237,1.2296,1.1619,1.1743,1.1743,5788951.5,coinbase-exchange
2024-04-27,1.1747,1.2313,1.1201,1.211,1.211,6146602.1,coinbase-exchange
2024-04-28,1.21,1.26,1.2057,1.2165,1.2165,2643329.1,coinbase-exchange
2024-04-29,1.2157,1.2306,1.1668,1.1915,1.1915,4481509.7,coinbase-exchange
2024-04-30,1.1927,1.2053,1.072,1.1429,1.1429,12096183.7,coinbase-exchange
2024-05-01,1.1431,1.1651,1.0671,1.1459,1.1459,10161699.7,coinbase-exchange
2024-05-02,1.1456,1.1605,1.0915,1.1215,1.1215,6154469.8,coinbase-exchange
2024-05-03,1.1221,1.1459,1.042,1.1118,1.1118,15494496.3,coinbase-exchange
2024-05-04,1.1126,1.1244,1.0624,1.0908,1.0908,15789671.5,coinbase-exchange
2024-05-05,1.0908,1.122,1.04,1.0961,1.0961,11339456.5,coinbase-exchange
2024-05-06,1.0971,1.1519,1.0787,1.093,1.093,17401704.3,coinbase-exchange
2024-05-07,1.093,1.1452,1.0757,1.08,1.08,13827653.4,coinbase-exchange
2024-05-08,1.0793,1.0831,1.0042,1.0099,1.0099,12876689.8,coinbase-exchange
2024-05-09,1.0095,1.0404,0.9734,1.0258,1.0258,11699424.4,coinbase-exchange
2024-05-10,1.026,1.1095,1.0018,1.0075,1.0075,14385163.3,coinbase-exchange
2024-05-11,1.0075,1.0326,0.99,0.9939,0.9939,3656453.7,coinbase-exchange
2024-05-12,0.9941,1.0201,0.9919,1.0037,1.0037,2619538.2,coinbase-exchange
2024-05-13,1.0043,1.0145,0.9427,0.9689,0.9689,8564858.5,coinbase-exchange
2024-05-14,0.9686,0.9763,0.8847,0.8962,0.8962,9449846.1,coinbase-exchange
2024-05-15,0.897,1.052,0.8856,0.9922,0.9922,13328311.9,coinbase-exchange
2024-05-16,0.9922,1.087,0.9758,1.0245,1.0245,14097308.9,coinbase-exchange
2024-05-17,1.024,1.1093,1.0108,1.0764,1.0764,10684040.9,coinbase-exchange
2024-05-18,1.0754,1.0902,1.0518,1.0817,1.0817,5551869.9,coinbase-exchange
2024-05-19,1.0822,1.0909,1.0184,1.0273,1.0273,4766438.0,coinbase-exchange
2024-05-20,1.0277,1.1515,1.0087,1.1473,1.1473,14975556.7,coinbase-exchange
2024-05-21,1.1471,1.1728,1.1185,1.1414,1.1414,8370275.1,coinbase-exchange
2024-05-22,1.1403,1.1541,1.081,1.1048,1.1048,7413938.6,coinbase-exchange
2024-05-23,1.1052,1.133,1.01,1.0764,1.0764,9739410.0,coinbase-exchange
2024-05-24,1.0742,1.0852,1.0317,1.0681,1.0681,4155003.4,coinbase-exchange
2024-05-25,1.0675,1.0828,1.0384,1.0629,1.0629,2922439.8,coinbase-exchange
2024-05-26,1.0621,1.0703,1.0222,1.0411,1.0411,3356362.2,coinbase-exchange
2024-05-27,1.0416,1.0821,1.0309,1.0739,1.0739,3635371.9,coinbase-exchange
2024-05-28,1.0727,1.0744,1.0133,1.0292,1.0292,4047566.4,coinbase-exchange
2024-05-29,1.0298,1.0465,1.0066,1.0157,1.0157,3403255.9,coinbase-exchange
2024-05-30,1.015,1.0342,0.98,1.0127,1.0127,5022087.8,coinbase-exchange
2024-05-31,1.0127,1.033,0.9942,1.0222,1.0222,4062702.2,coinbase-exchange
2024-06-01,1.0226,1.0356,1.0094,1.0233,1.0233,3168630.8,coinbase-exchange
2024-06-02,1.023,1.038,1.0062,1.0171,1.0171,2913160.7,coinbase-exchange
2024-06-03,1.0141,1.0556,1.013,1.0393,1.0393,6239389.6,coinbase-exchange
2024-06-04,1.0393,1.0559,1.0121,1.0544,1.0544,5420511.1,coinbase-exchange
2024-06-05,1.0542,1.1048,1.0466,1.1041,1.1041,8229965.7,coinbase-exchange
2024-06-06,1.1041,1.1375,1.0855,1.1133,1.1133,11174533.7,coinbase-exchange
2024-06-07,1.1131,1.1705,0.9863,1.0808,1.0808,12540517.9,coinbase-exchange
2024-06-08,1.08,1.1705,1.0637,1.1044,1.1044,15018545.6,coinbase-exchange
2024-06-09,1.1032,1.1291,1.0639,1.0935,1.0935,7604261.8,coinbase-exchange
2024-06-10,1.0938,1.0962,1.031,1.0335,1.0335,7525864.2,coinbase-exchange
2024-06-11,1.0332,1.0431,0.978,0.9925,0.9925,8650785.2,coinbase-exchange
2024-06-12,0.992,1.0543,0.9565,1.0186,1.0186,12262767.6,coinbase-exchange
2024-06-13,1.0185,1.0204,0.958,0.9656,0.9656,6608947.5,coinbase-exchange
2024-06-14,0.9667,1.0024,0.9018,0.9295,0.9295,13068191.2,coinbase-exchange
2024-06-15,0.9302,0.9587,0.926,0.9433,0.9433,3654692.7,coinbase-exchange
2024-06-16,0.944,0.9694,0.9227,0.9691,0.9691,2401187.6,coinbase-exchange
2024-06-17,0.9697,0.9845,0.86,0.8905,0.8905,8060724.8,coinbase-exchange
2024-06-18,0.8905,0.894,0.7608,0.7997,0.7997,15757019.6,coinbase-exchange
2024-06-19,0.7996,0.8756,0.7909,0.8655,0.8655,8274497.7,coinbase-exchange
2024-06-20,0.8652,0.9239,0.8586,0.8936,0.8936,6616533.0,coinbase-exchange
2024-06-21,0.8942,0.9517,0.8655,0.9201,0.9201,7963250.2,coinbase-exchange
2024-06-22,0.9199,0.9244,0.8873,0.8904,0.8904,3882552.3,coinbase-exchange
2024-06-23,0.8905,0.9431,0.8762,0.8805,0.8805,7165697.7,coinbase-exchange
2024-06-24,0.8807,0.9,0.8055,0.8947,0.8947,11912252.5,coinbase-exchange
2024-06-25,0.8944,0.9066,0.8691,0.8783,0.8783,8014291.4,coinbase-exchange
2024-06-26,0.8784,0.8903,0.8204,0.8292,0.8292,10483774.1,coinbase-exchange
2024-06-27,0.8293,0.8705,0.8253,0.8353,0.8353,6847526.2,coinbase-exchange
2024-06-28,0.8353,0.8434,0.7849,0.7893,0.7893,7689241.3,coinbase-exchange
2024-06-29,0.7893,0.8046,0.7791,0.7813,0.7813,3541495.4,coinbase-exchange
2024-06-30,0.7813,0.8236,0.7715,0.8187,0.8187,3590554.6,coinbase-exchange
2024-07-01,0.8188,0.8345,0.8048,0.8085,0.8085,2849357.5,coinbase-exchange
2024-07-02,0.8087,0.8351,0.7988,0.8246,0.8246,4172232.5,coinbase-exchange
2024-07-03,0.824,0.829,0.7665,0.775,0.775,4535875.8,coinbase-exchange
2024-07-04,0.7753,0.7828,0.669,0.6737,0.6737,9366950.5,coinbase-exchange
2024-07-05,0.6734,0.675,0.573,0.6435,0.6435,20574365.4,coinbase-exchange
2024-07-06,0.6436,0.7004,0.64,0.694,0.694,4459415.8,coinbase-exchange
2024-07-07,0.6936,0.6977,0.6369,0.64,0.64,5078384.3,coinbase-exchange
2024-07-08,0.64,0.6968,0.613,0.6732,0.6732,7573350.6,coinbase-exchange
2024-07-09,0.671,0.7559,0.6666,0.7433,0.7433,8471820.5,coinbase-exchange
2024-07-10,0.7432,0.7685,0.7195,0.7376,0.7376,7350562.0,coinbase-exchange
2024-07-11,0.7384,0.7789,0.7271,0.7557,0.7557,7713672.5,coinbase-exchange
2024-07-12,0.757,0.7717,0.7311,0.7485,0.7485,6944709.7,coinbase-exchange
2024-07-13,0.7483,0.7678,0.7427,0.7586,0.7586,2054472.5,coinbase-exchange
2024-07-14,0.758,0.8194,0.7577,0.807,0.807,6683244.6,coinbase-exchange
2024-07-15,0.8081,0.8501,0.7932,0.845,0.845,5254820.0,coinbase-exchange
2024-07-16,0.8448,0.8838,0.8164,0.8679,0.8679,6231123.2,coinbase-exchange
2024-07-17,0.8681,0.8917,0.8383,0.8401,0.8401,7100960.8,coinbase-exchange
2024-07-18,0.8417,0.8568,0.786,0.8108,0.8108,5519817.6,coinbase-exchange
2024-07-19,0.8111,0.8642,0.7966,0.8545,0.8545,5389665.7,coinbase-exchange
2024-07-20,0.8558,0.892,0.8439,0.8507,0.8507,3822521.4,coinbase-exchange
2024-07-21,0.8507,0.8598,0.81,0.8594,0.8594,3647901.5,coinbase-exchange
2024-07-22,0.8598,0.903,0.8264,0.8319,0.8319,6081888.6,coinbase-exchange
2024-07-23,0.8313,0.8603,0.8002,0.8141,0.8141,4600428.2,coinbase-exchange
2024-07-24,0.8149,0.8258,0.7645,0.771,0.771,4413550.6,coinbase-exchange
2024-07-25,0.7707,0.7713,0.7101,0.7499,0.7499,7119779.1,coinbase-exchange
2024-07-26,0.7494,0.7937,0.7467,0.7873,0.7873,3336940.0,coinbase-exchange
2024-07-27,0.7877,0.7991,0.7633,0.7844,0.7844,2362726.4,coinbase-exchange
2024-07-28,0.7843,0.7843,0.7435,0.7496,0.7496,1435733.4,coinbase-exchange
2024-07-29,0.75,0.7848,0.7361,0.7404,0.7404,3526324.6,coinbase-exchange
2024-07-30,0.74,0.7508,0.6894,0.7074,0.7074,4317587.2,coinbase-exchange
2024-07-31,0.7079,0.7262,0.693,0.7073,0.7073,3874585.7,coinbase-exchange
2024-08-01,0.7076,0.7174,0.6574,0.6957,0.6957,5524382.8,coinbase-exchange
2024-08-02,0.6954,0.6996,0.634,0.6372,0.6372,4310044.1,coinbase-exchange
2024-08-03,0.637,0.6526,0.5938,0.6104,0.6104,4643931.2,coinbase-exchange
2024-08-04,0.6104,0.6293,0.5622,0.5775,0.5775,5139855.0,coinbase-exchange
2024-08-05,0.5776,0.5808,0.4623,0.5348,0.5348,19027401.4,coinbase-exchange
2024-08-06,0.5351,0.6159,0.5347,0.6018,0.6018,8634671.8,coinbase-exchange
2024-08-07,0.6013,0.6499,0.5908,0.6151,0.6151,8136619.9,coinbase-exchange
2024-08-08,0.6169,0.8725,0.6003,0.8531,0.8531,23787336.5,coinbase-exchange
2024-08-09,0.8534,0.88,0.8248,0.8562,0.8562,18366175.1,coinbase-exchange
2024-08-10,0.8565,0.96,0.8485,0.9197,0.9197,18444594.2,coinbase-exchange
2024-08-11,0.9201,0.9307,0.8581,0.8736,0.8736,13529159.4,coinbase-exchange
2024-08-12,0.8733,1.118,0.8732,1.0146,1.0146,41592133.4,coinbase-exchange
2024-08-13,1.0143,1.0168,0.9324,0.9553,0.9553,19307032.6,coinbase-exchange
2024-08-14,0.9558,0.9733,0.8859,0.9344,0.9344,15503013.2,coinbase-exchange
2024-08-15,0.9341,0.9391,0.8228,0.845,0.845,16869691.9,coinbase-exchange
2024-08-16,0.8453,0.8842,0.8058,0.8117,0.8117,14814076.7,coinbase-exchange
2024-08-17,0.8114,0.8513,0.7977,0.8283,0.8283,13750651.1,coinbase-exchange
2024-08-18,0.827,0.8569,0.8183,0.8244,0.8244,10585333.0,coinbase-exchange
2024-08-19,0.8246,0.918,0.8108,0.9014,0.9014,15544880.4,coinbase-exchange
2024-08-20,0.9014,0.9314,0.8663,0.8707,0.8707,12924099.4,coinbase-exchange
2024-08-21,0.8705,0.8842,0.833,0.8497,0.8497,11278422.5,coinbase-exchange
2024-08-22,0.8502,0.8652,0.8326,0.8523,0.8523,6729125.6,coinbase-exchange
2024-08-23,0.8519,1.0376,0.8511,1.0164,1.0164,24371001.7,coinbase-exchange
2024-08-24,1.0165,1.0575,0.9859,1.0189,1.0189,12659803.1,coinbase-exchange
2024-08-25,1.0188,1.0228,0.9586,1.0,1.0,9726559.0,coinbase-exchange
2024-08-26,1.0001,1.0145,0.9262,0.9265,0.9265,9745472.8,coinbase-exchange
2024-08-27,0.9264,0.9774,0.8325,0.8482,0.8482,17379790.1,coinbase-exchange
2024-08-28,0.848,0.8507,0.7623,0.81,0.81,24158141.3,coinbase-exchange
2024-08-29,0.8098,0.8549,0.7931,0.8034,0.8034,13139739.5,coinbase-exchange
2024-08-30,0.8032,0.8383,0.7662,0.8317,0.8317,12958187.6,coinbase-exchange
2024-08-31,0.832,0.836,0.784,0.7963,0.7963,5059566.9,coinbase-exchange
2024-09-01,0.7963,0.8128,0.7567,0.7609,0.7609,8328975.9,coinbase-exchange
2024-09-02,0.761,0.7992,0.7415,0.787,0.787,14098861.9,coinbase-exchange
2024-09-03,0.787,0.8375,0.7788,0.7854,0.7854,16541506.2,coinbase-exchange
2024-09-04,0.7854,0.8341,0.7489,0.809,0.809,16165326.1,coinbase-exchange
2024-09-05,0.809,0.8406,0.7793,0.7971,0.7971,12508146.6,coinbase-exchange
2024-09-06,0.7968,0.8875,0.7889,0.8382,0.8382,21788174.0,coinbase-exchange
2024-09-07,0.838,0.9182,0.828,0.8911,0.8911,13520447.1,coinbase-exchange
2024-09-08,0.8912,0.9902,0.8839,0.9394,0.9394,22575546.0,coinbase-exchange
2024-09-09,0.9393,0.9742,0.8944,0.958,0.958,24693191.5,coinbase-exchange
2024-09-10,0.9584,0.9715,0.9086,0.918,0.918,18428887.7,coinbase-exchange
2024-09-11,0.9179,0.9335,0.867,0.93,0.93,18794842.1,coinbase-exchange
2024-09-12,0.9299,1.07,0.9274,1.0401,1.0401,40591254.0,coinbase-exchange
2024-09-13,1.0401,1.0487,0.99,1.0285,1.0285,23085644.3,coinbase-exchange
2024-09-14,1.0284,1.0692,1.0023,1.0458,1.0458,20354058.3,coinbase-exchange
2024-09-15,1.0459,1.1404,1.0421,1.0785,1.0785,28605831.6,coinbase-exchange
2024-09-16,1.0775,1.1286,1.01,1.0421,1.0421,26399994.8,coinbase-exchange
2024-09-17,1.0421,1.19,1.0185,1.17,1.17,41497712.1,coinbase-exchange
2024-09-18,1.1693,1.3201,1.142,1.3153,1.3153,61855942.9,coinbase-exchange
2024-09-19,1.3147,1.4117,1.3076,1.3805,1.3805,57138885.0,coinbase-exchange
2024-09-20,1.3803,1.5921,1.3501,1.4702,1.4702,44059776.1,coinbase-exchange
2024-09-21,1.4702,1.5124,1.434,1.482,1.482,20102258.8,coinbase-exchange
2024-09-22,1.4824,1.6373,1.4225,1.5856,1.5856,44740848.7,coinbase-exchange
2024-09-23,1.5858,1.6489,1.508,1.535,1.535,46654264.8,coinbase-exchange
2024-09-24,1.5346,1.7971,1.4983,1.7427,1.7427,50204579.4,coinbase-exchange
2024-09-25,1.7425,1.7745,1.6662,1.6978,1.6978,43790116.0,coinbase-exchange
2024-09-26,1.6975,1.7596,1.6039,1.641,1.641,46316133.3,coinbase-exchange
2024-09-27,1.6401,1.7346,1.6162,1.6571,1.6571,35869042.3,coinbase-exchange
2024-09-28,1.6572,1.6938,1.6076,1.6884,1.6884,14849082.4,coinbase-exchange
2024-09-29,1.6882,1.8725,1.6275,1.7589,1.7589,38042960.1,coinbase-exchange
2024-09-30,1.7593,1.855,1.7021,1.7742,1.7742,45963675.1,coinbase-exchange
2024-10-01,1.7741,1.933,1.6564,1.7574,1.7574,76201744.2,coinbase-exchange
2024-10-02,1.7574,1.93,1.739,1.8558,1.8558,71480463.7,coinbase-exchange
2024-10-03,1.8555,2.0092,1.6055,1.6635,1.6635,92892533.8,coinbase-exchange
2024-10-04,1.6631,1.8242,1.6242,1.7729,1.7729,62401005.3,coinbase-exchange
2024-10-05,1.773,1.7883,1.6872,1.754,1.754,24593584.1,coinbase-exchange
2024-10-06,1.7546,1.8684,1.7079,1.8407,1.8407,31578681.3,coinbase-exchange
2024-10-07,1.8403,2.1681,1.8369,2.0173,2.0173,67505882.3,coinbase-exchange
2024-10-08,2.0183,2.1344,1.93,1.9868,1.9868,53423711.7,coinbase-exchange
2024-10-09,1.9869,2.0054,1.8422,1.8745,1.8745,40188006.2,coinbase-exchange
2024-10-10,1.8744,1.9019,1.7458,1.8337,1.8337,34822275.0,coinbase-exchange
2024-10-11,1.8338,2.0879,1.7926,2.0532,2.0532,45812291.8,coinbase-exchange
2024-10-12,2.054,2.2888,1.9981,2.2421,2.2421,43933695.8,coinbase-exchange
2024-10-13,2.2425,2.3661,2.1251,2.3424,2.3424,37985062.7,coinbase-exchange
2024-10-14,2.3437,2.3496,2.2101,2.2504,2.2504,33181253.4,coinbase-exchange
2024-10-15,2.2504,2.2725,1.9732,2.0587,2.0587,50165713.6,coinbase-exchange
2024-10-16,2.0594,2.156,1.9745,2.083,2.083,35958650.8,coinbase-exchange
2024-10-17,2.083,2.162,1.9954,2.0226,2.0226,31444736.8,coinbase-exchange
2024-10-18,2.0226,2.1522,2.0057,2.1251,2.1251,28716750.7,coinbase-exchange
2024-10-19,2.1249,2.1259,2.0406,2.0618,2.0618,14183943.1,coinbase-exchange
2024-10-20,2.0618,2.1542,2.0436,2.1278,2.1278,17439711.0,coinbase-exchange
2024-10-21,2.128,2.1779,1.9988,2.0088,2.0088,22567414.5,coinbase-exchange
2024-10-22,2.0087,2.032,1.8745,1.938,1.938,29372027.1,coinbase-exchange
2024-10-23,1.9386,1.996,1.8625,1.9759,1.9759,27940776.5,coinbase-exchange
2024-10-24,1.9757,2.0494,1.9244,1.9358,1.9358,23076366.8,coinbase-exchange
2024-10-25,1.9359,1.9427,1.65,1.7491,1.7491,35427096.2,coinbase-exchange
2024-10-26,1.7495,1.844,1.6983,1.7923,1.7923,20405244.5,coinbase-exchange
2024-10-27,1.7921,1.8244,1.72,1.7541,1.7541,18849506.5,coinbase-exchange
2024-10-28,1.7544,1.788,1.6001,1.7721,1.7721,38808290.5,coinbase-exchange
2024-10-29,1.7721,2.0976,1.7632,2.0701,2.0701,60778025.9,coinbase-exchange
2024-10-30,2.071,2.1319,1.9782,2.084,2.084,31614774.1,coinbase-exchange
2024-10-31,2.0829,2.0981,1.9346,1.9689,1.9689,27655448.8,coinbase-exchange
2024-11-01,1.9687,2.1069,1.9149,1.9879,1.9879,41902831.3,coinbase-exchange
2024-11-02,1.9886,2.0251,1.8673,1.9083,1.9083,13951086.5,coinbase-exchange
2024-11-03,1.9079,1.9629,1.7717,1.9467,1.9467,27003744.0,coinbase-exchange
2024-11-04,1.9463,1.9654,1.792,1.8492,1.8492,23463871.9,coinbase-exchange
2024-11-05,1.849,2.0685,1.8405,2.0098,2.0098,30000160.9,coinbase-exchange
2024-11-06,2.0101,2.3532,1.9999,2.3054,2.3054,90173704.5,coinbase-exchange
2024-11-07,2.3051,2.3894,2.21,2.3205,2.3205,39810578.6,coinbase-exchange
2024-11-08,2.3217,2.3845,2.2059,2.2897,2.2897,31589782.2,coinbase-exchange
2024-11-09,2.2904,2.8494,2.2303,2.7394,2.7394,58703562.6,coinbase-exchange
2024-11-10,2.7397,3.1555,2.69,3.0352,3.0352,82592283.3,coinbase-exchange
2024-11-11,3.0366,3.3179,3.0258,3.278,3.278,68372612.2,coinbase-exchange
2024-11-12,3.2762,3.3325,2.8242,3.2155,3.2155,59903558.8,coinbase-exchange
2024-11-13,3.2169,3.45,2.8539,3.3091,3.3091,59124108.7,coinbase-exchange
2024-11-14,3.3091,3.53,3.2226,3.3543,3.3543,46118474.0,coinbase-exchange
2024-11-15,3.3542,3.6795,3.1028,3.6107,3.6107,34640309.8,coinbase-exchange
2024-11-16,3.6125,3.9352,3.58,3.7628,3.7628,42030870.3,coinbase-exchange
2024-11-17,3.7609,3.9433,3.5719,3.7853,3.7853,32732462.3,coinbase-exchange
2024-11-18,3.7865,3.9093,3.608,3.7005,3.7005,28763255.0,coinbase-exchange
2024-11-19,3.7014,3.8537,3.6074,3.7284,3.7284,23683308.3,coinbase-exchange
2024-11-20,3.7283,3.8476,3.42,3.5287,3.5287,37460941.4,coinbase-exchange
2024-11-21,3.5286,3.6974,3.3248,3.6282,3.6282,40603020.2,coinbase-exchange
2024-11-22,3.6302,3.6589,3.3925,3.5685,3.5685,35074319.0,coinbase-exchange
2024-11-23,3.5691,3.6653,3.3432,3.4406,3.4406,32893938.9,coinbase-exchange
2024-11-24,3.4408,3.5742,3.1454,3.3953,3.3953,26096298.3,coinbase-exchange
2024-11-25,3.397,3.488,3.1011,3.192,3.192,41360768.9,coinbase-exchange
2024-11-26,3.1918,3.5498,2.9694,3.4925,3.4925,50747888.8,coinbase-exchange
2024-11-27,3.4922,3.5081,3.273,3.4371,3.4371,32577296.7,coinbase-exchange
2024-11-28,3.4365,3.6567,3.3961,3.4435,3.4435,25111872.8,coinbase-exchange
2024-11-29,3.4435,3.5577,3.3581,3.487,3.487,20856136.2,coinbase-exchange
2024-11-30,3.4874,3.5348,3.4114,3.4778,3.4778,15194298.1,coinbase-exchange
2024-12-01,3.478,3.5359,3.3357,3.4782,3.4782,14057015.6,coinbase-exchange
2024-12-02,3.4787,3.493,3.1737,3.3935,3.3935,30926519.1,coinbase-exchange
2024-12-03,3.3943,3.8815,3.3214,3.6976,3.6976,55398649.7,coinbase-exchange
2024-12-04,3.6982,3.798,3.5211,3.6797,3.6797,31481927.9,coinbase-exchange
2024-12-05,3.6795,4.47,3.5305,4.2322,4.2322,72428175.8,coinbase-exchange
2024-12-06,4.2326,4.49,4.0825,4.2251,4.2251,38194507.6,coinbase-exchange
2024-12-07,4.2248,4.4507,4.1612,4.2633,4.2633,24421822.8,coinbase-exchange
2024-12-08,4.2643,4.4026,4.1235,4.2345,4.2345,15282738.2,coinbase-exchange
2024-12-09,4.234,4.2736,3.3613,3.8392,3.8392,43405662.5,coinbase-exchange
2024-12-10,3.84,3.9002,3.4587,3.7159,3.7159,43386649.1,coinbase-exchange
2024-12-11,3.716,4.4089,3.57,4.3749,4.3749,44521062.6,coinbase-exchange
2024-12-12,4.375,4.879,4.3575,4.6217,4.6217,49320696.7,coinbase-exchange
2024-12-13,4.622,4.929,4.5414,4.7626,4.7626,28948182.2,coinbase-exchange
2024-12-14,4.7631,4.8454,4.353,4.4589,4.4589,17142628.7,coinbase-exchange
2024-12-15,4.4594,4.8469,4.3527,4.7828,4.7828,28829973.1,coinbase-exchange
2024-12-16,4.7836,4.9577,4.5984,4.6292,4.6292,28837004.8,coinbase-exchange
2024-12-17,4.6286,4.8696,4.5663,4.6418,4.6418,19800805.9,coinbase-exchange
2024-12-18,4.6415,4.762,4.26,4.3321,4.3321,27171572.9,coinbase-exchange
2024-12-19,4.3331,4.5938,3.9251,4.0717,4.0717,50463840.6,coinbase-exchange
2024-12-20,4.0708,4.6112,3.4873,4.5808,4.5808,60430523.2,coinbase-exchange
2024-12-21,4.5811,4.9079,4.2285,4.3606,4.3606,41320633.5,coinbase-exchange
2024-12-22,4.3615,4.5915,4.1559,4.3221,4.3221,31303569.4,coinbase-exchange
2024-12-23,4.3205,4.7514,4.1004,4.711,4.711,40846632.7,coinbase-exchange
2024-12-24,4.7111,4.7525,4.4577,4.6021,4.6021,28910288.1,coinbase-exchange
2024-12-25,4.6019,4.6402,4.45,4.4959,4.4959,12527293.3,coinbase-exchange
2024-12-26,4.4963,4.5304,4.144,4.1974,4.1974,19046422.4,coinbase-exchange
2024-12-27,4.1981,4.4133,4.05,4.0782,4.0782,19343440.6,coinbase-exchange
2024-12-28,4.0799,4.259,3.9717,4.2044,4.2044,14273400.7,coinbase-exchange
2024-12-29,4.2032,4.2727,4.0454,4.0848,4.0848,9654158.9,coinbase-exchange
2024-12-30,4.0841,4.3708,3.94,4.1736,4.1736,23150389.5,coinbase-exchange
2024-12-31,4.1738,4.3423,4.0416,4.1152,4.1152,15358257.7,coinbase-exchange
2025-01-01,4.1141,4.3105,4.04,4.2743,4.2743,11489110.5,coinbase-exchange
2025-01-02,4.2749,4.4604,4.2486,4.3479,4.3479,13089598.2,coinbase-exchange
2025-01-03,4.3483,4.9876,4.2745,4.983,4.983,24705425.7,coinbase-exchange
2025-01-04,4.9841,5.358,4.8381,5.2904,5.2904,30197819.3,coinbase-exchange
2025-01-05,5.2909,5.325,5.1154,5.2428,5.2428,12166458.0,coinbase-exchange
2025-01-06,5.2438,5.37,5.0236,5.092,5.092,20380877.9,coinbase-exchange
2025-01-07,5.0924,5.1726,4.7467,4.7852,4.7852,21386346.7,coinbase-exchange
2025-01-08,4.7839,4.9161,4.3867,4.8966,4.8966,31119679.6,coinbase-exchange
2025-01-09,4.896,4.8966,4.4957,4.7504,4.7504,25386431.1,coinbase-exchange
2025-01-10,4.7504,5.25,4.7308,5.1208,5.1208,36208068.0,coinbase-exchange
2025-01-11,5.1217,5.1407,4.9,4.9673,4.9673,14336126.6,coinbase-exchange
2025-01-12,4.9667,4.9802,4.6901,4.7311,4.7311,11775651.6,coinbase-exchange
2025-01-13,4.7315,4.8599,4.2588,4.7461,4.7461,45201445.6,coinbase-exchange
2025-01-14,4.7472,4.7625,4.5388,4.5844,4.5844,24670041.9,coinbase-exchange
2025-01-15,4.5842,4.892,4.4306,4.8347,4.8347,32106624.4,coinbase-exchange
2025-01-16,4.836,5.0568,4.58,4.7485,4.7485,32657547.6,coinbase-exchange
2025-01-17,4.7485,4.9703,4.7102,4.8392,4.8392,25530778.8,coinbase-exchange
2025-01-18,4.8404,5.1375,4.6081,4.9988,4.9988,27268875.4,coinbase-exchange
2025-01-19,4.9991,5.0228,4.399,4.5028,4.5028,36484090.0,coinbase-exchange
2025-01-20,4.5021,4.8406,4.2937,4.4129,4.4129,41016360.3,coinbase-exchange
2025-01-21,4.4125,4.7987,4.2241,4.6591,4.6591,25887775.1,coinbase-exchange
2025-01-22,4.6593,4.7044,4.451,4.4684,4.4684,13026646.2,coinbase-exchange
2025-01-23,4.4676,4.4774,4.1489,4.3047,4.3047,22576590.1,coinbase-exchange
2025-01-24,4.303,4.4857,4.16,4.2024,4.2024,22793571.1,coinbase-exchange
2025-01-25,4.2014,4.2592,4.0988,4.1294,4.1294,15876871.4,coinbase-exchange
2025-01-26,4.1295,4.2214,3.8549,3.8689,3.8689,19563289.5,coinbase-exchange
2025-01-27,3.869,4.0179,3.4921,3.9631,3.9631,59090335.1,coinbase-exchange
2025-01-28,3.964,4.0148,3.6067,3.6512,3.6512,21181857.1,coinbase-exchange
2025-01-29,3.6518,3.8937,3.5992,3.699,3.699,30929085.0,coinbase-exchange
2025-01-30,3.6991,4.2178,3.6658,4.1199,4.1199,31051179.0,coinbase-exchange
2025-01-31,4.1199,4.31,4.0081,4.0876,4.0876,25212112.8,coinbase-exchange
2025-02-01,4.0878,4.1176,3.7185,3.7339,3.7339,14667608.9,coinbase-exchange
2025-02-02,3.7327,3.8582,3.0802,3.3071,3.3071,36399384.8,coinbase-exchange
2025-02-03,3.3075,3.8371,2.3911,3.6542,3.6542,103192322.2,coinbase-exchange
2025-02-04,3.6546,3.9024,3.2769,3.5947,3.5947,43431972.5,coinbase-exchange
2025-02-05,3.5968,3.7204,3.3034,3.3312,3.3312,27777580.8,coinbase-exchange
2025-02-06,3.332,3.5144,3.1049,3.1369,3.1369,36090494.4,coinbase-exchange
2025-02-07,3.1353,3.3948,2.9059,3.015,3.015,42228322.9,coinbase-exchange
2025-02-08,3.0155,3.0898,2.8842,3.0629,3.0629,18285477.9,coinbase-exchange
2025-02-09,3.0637,3.1849,2.8647,2.9948,2.9948,22190942.6,coinbase-exchange
2025-02-10,2.9962,3.316,2.9018,3.2162,3.2162,29283021.4,coinbase-exchange
2025-02-11,3.2149,3.5916,3.2023,3.3269,3.3269,29748959.5,coinbase-exchange
2025-02-12,3.3264,3.7,3.0897,3.583,3.583,35394933.0,coinbase-exchange
2025-02-13,3.5838,3.66,3.4087,3.4688,3.4688,20063863.5,coinbase-exchange
2025-02-14,3.469,3.7402,3.427,3.5528,3.5528,18405975.5,coinbase-exchange
2025-02-15,3.5529,3.5994,3.3706,3.4191,3.4191,10080168.5,coinbase-exchange
2025-02-16,3.4177,3.4647,3.2547,3.269,3.269,10218199.1,coinbase-exchange
2025-02-17,3.2695,3.3582,3.1444,3.218,3.218,14785435.2,coinbase-exchange
2025-02-18,3.2186,3.2344,2.91,3.0635,3.0635,30498435.6,coinbase-exchange
2025-02-19,3.0645,3.2607,3.0,3.2176,3.2176,20954170.4,coinbase-exchange
2025-02-20,3.2186,3.4826,3.1884,3.4519,3.4519,19583065.5,coinbase-exchange
2025-02-21,3.4514,3.5734,3.2185,3.2682,3.2682,29766380.2,coinbase-exchange
2025-02-22,3.2669,3.4555,3.2493,3.422,3.422,11467095.0,coinbase-exchange
2025-02-23,3.422,3.4876,3.283,3.3782,3.3782,10182081.2,coinbase-exchange
2025-02-24,3.3787,3.4509,2.8,2.829,2.829,36667581.4,coinbase-exchange
2025-02-25,2.8296,3.0128,2.6274,2.9536,2.9536,50076603.4,coinbase-exchange
2025-02-26,2.9545,3.0927,2.74,2.8762,2.8762,33762954.8,coinbase-exchange
2025-02-27,2.8802,2.9772,2.75,2.7861,2.7861,16853214.9,coinbase-exchange
2025-02-28,2.7866,2.8554,2.5155,2.8291,2.8291,32183499.9,coinbase-exchange
2025-03-01,2.8306,2.9279,2.78,2.8175,2.8175,12776981.0,coinbase-exchange
2025-03-02,2.8198,3.2534,2.7906,3.193,3.193,30552362.8,coinbase-exchange
2025-03-03,3.1936,3.2048,2.5818,2.6172,2.6172,28558981.0,coinbase-exchange
2025-03-04,2.6155,2.6512,2.2527,2.5254,2.5254,38476619.2,coinbase-exchange
2025-03-05,2.5254,2.693,2.4383,2.6334,2.6334,24939264.5,coinbase-exchange
2025-03-06,2.6332,3.1163,2.5877,2.7353,2.7353,45687294.7,coinbase-exchange
2025-03-07,2.7347,2.89,2.556,2.5812,2.5812,40030267.0,coinbase-exchange
2025-03-08,2.5799,2.6287,2.47,2.4821,2.4821,10940743.1,coinbase-exchange
2025-03-09,2.4825,2.5248,2.25,2.289,2.289,22491685.7,coinbase-exchange
2025-03-10,2.2894,2.4487,2.0555,2.0877,2.0877,41086654.0,coinbase-exchange
2025-03-11,2.0879,2.3067,1.961,2.2274,2.2274,46070734.1,coinbase-exchange
2025-03-12,2.2288,2.3762,2.1703,2.2855,2.2855,30087723.8,coinbase-exchange
2025-03-13,2.2845,2.3412,2.1131,2.1626,2.1626,23311322.6,coinbase-exchange
2025-03-14,2.1637,2.3859,2.1586,2.3259,2.3259,24797872.4,coinbase-exchange
2025-03-15,2.3254,2.4267,2.3,2.3534,2.3534,12385279.9,coinbase-exchange
2025-03-16,2.3532,2.3675,2.2031,2.2311,2.2311,12192909.5,coinbase-exchange
2025-03-17,2.231,2.3814,2.2284,2.3789,2.3789,20265291.6,coinbase-exchange
2025-03-18,2.3786,2.3882,2.2201,2.2847,2.2847,16873836.7,coinbase-exchange
2025-03-19,2.2851,2.4862,2.2773,2.475,2.475,23974488.9,coinbase-exchange
2025-03-20,2.4752,2.504,2.3422,2.3556,2.3556,18745507.3,coinbase-exchange
2025-03-21,2.3553,2.3677,2.2315,2.2515,2.2515,16017123.9,coinbase-exchange
2025-03-22,2.2509,2.3065,2.2319,2.2634,2.2634,6534161.1,coinbase-exchange
2025-03-23,2.2631,2.301,2.2338,2.292,2.292,8379062.7,coinbase-exchange
2025-03-24,2.2926,2.4505,2.2598,2.3978,2.3978,22160973.1,coinbase-exchange
2025-03-25,2.3976,2.4851,2.3348,2.4585,2.4585,16798479.0,coinbase-exchange
2025-03-26,2.4584,2.6537,2.4399,2.6199,2.6199,23913843.5,coinbase-exchange
2025-03-27,2.62,2.8316,2.6074,2.7799,2.7799,39045915.3,coinbase-exchange
2025-03-28,2.7799,2.8008,2.4686,2.5047,2.5047,32614099.6,coinbase-exchange
2025-03-29,2.5047,2.5446,2.2438,2.3101,2.3101,27102409.8,coinbase-exchange
2025-03-30,2.309,2.4545,2.2793,2.3514,2.3514,28534834.8,coinbase-exchange
2025-03-31,2.3518,2.3566,2.1846,2.2665,2.2665,39761124.3,coinbase-exchange
2025-04-01,2.267,2.525,2.2521,2.4083,2.4083,38013528.3,coinbase-exchange
2025-04-02,2.4077,2.5472,2.2521,2.3067,2.3067,42350271.3,coinbase-exchange
2025-04-03,2.3071,2.4398,2.182,2.2611,2.2611,40283970.4,coinbase-exchange
2025-04-04,2.2625,2.3069,2.1282,2.2572,2.2572,44781297.2,coinbase-exchange
2025-04-05,2.2574,2.276,2.1808,2.2158,2.2158,11070801.6,coinbase-exchange
2025-04-06,2.2157,2.2239,1.8805,1.9199,1.9199,36543985.0,coinbase-exchange
2025-04-07,1.9196,2.1358,1.7158,2.0187,2.0187,84632156.7,coinbase-exchange
2025-04-08,2.0188,2.1022,1.901,1.9275,1.9275,45682075.6,coinbase-exchange
2025-04-09,1.9289,2.2878,1.8592,2.221,2.221,65739685.4,coinbase-exchange
2025-04-10,2.221,2.23,2.0495,2.1115,2.1115,29807842.8,coinbase-exchange
2025-04-11,2.1117,2.2523,2.0955,2.1877,2.1877,26807154.0,coinbase-exchange
2025-04-12,2.1875,2.3981,2.1568,2.3459,2.3459,25229170.4,coinbase-exchange
2025-04-13,2.3468,2.4875,2.2028,2.2325,2.2325,27018099.8,coinbase-exchange
2025-04-14,2.2328,2.3514,2.1596,2.1926,2.1926,26327124.3,coinbase-exchange
2025-04-15,2.1924,2.2492,2.08,2.088,2.088,25070247.8,coinbase-exchange
2025-04-16,2.0877,2.1352,2.0216,2.0551,2.0551,22056772.8,coinbase-exchange
2025-04-17,2.0549,2.1706,2.0433,2.1228,2.1228,16413525.2,coinbase-exchange
2025-04-18,2.1229,2.1535,2.0952,2.1201,2.1201,8602294.5,coinbase-exchange
2025-04-19,2.1206,2.1778,2.1109,2.1547,2.1547,9041241.8,coinbase-exchange
2025-04-20,2.1554,2.1716,2.081,2.1131,2.1131,9948690.5,coinbase-exchange
2025-04-21,2.1131,2.2846,2.1094,2.1961,2.1961,32207668.2,coinbase-exchange
2025-04-22,2.1962,2.7482,2.1682,2.6692,2.6692,44125283.3,coinbase-exchange
2025-04-23,2.6693,3.0786,2.6693,2.9678,2.9678,72288111.3,coinbase-exchange
2025-04-24,2.9662,3.396,2.8955,3.3467,3.3467,87117253.9,coinbase-exchange
2025-04-25,3.3466,3.8107,3.2758,3.5204,3.5204,97885177.8,coinbase-exchange
2025-04-26,3.5216,3.6505,3.3393,3.5204,3.5204,24152852.6,coinbase-exchange
2025-04-27,3.5205,3.6556,3.427,3.5594,3.5594,19800540.3,coinbase-exchange
2025-04-28,3.5595,3.8748,3.3896,3.5275,3.5275,46676649.4,coinbase-exchange
2025-04-29,3.5281,3.6361,3.4341,3.5337,3.5337,22742769.1,coinbase-exchange
2025-04-30,3.5335,3.6046,3.2617,3.5062,3.5062,25112724.8,coinbase-exchange
2025-05-01,3.5055,3.7696,3.4567,3.5522,3.5522,28309353.0,coinbase-exchange
2025-05-02,3.5529,3.5725,3.3943,3.427,3.427,20471192.6,coinbase-exchange
2025-05-03,3.4275,3.4631,3.2675,3.3353,3.3353,15362157.1,coinbase-exchange
2025-05-04,3.3366,3.3607,3.155,3.2746,3.2746,16329284.3,coinbase-exchange
2025-05-05,3.2755,3.494,3.2116,3.4222,3.4222,28455175.5,coinbase-exchange
2025-05-06,3.4226,3.4268,3.1132,3.3462,3.3462,34019538.6,coinbase-exchange
2025-05-07,3.346,3.4463,3.2339,3.3324,3.3324,23872055.4,coinbase-exchange
2025-05-08,3.3314,4.0999,3.3161,4.0331,4.0331,67597018.3,coinbase-exchange
2025-05-09,4.0331,4.0763,3.8119,3.9517,3.9517,39439374.2,coinbase-exchange
2025-05-10,3.9506,4.1571,3.8381,4.1232,4.1232,26196543.5,coinbase-exchange
2025-05-11,4.1227,4.2742,3.8901,4.0188,4.0188,28105580.3,coinbase-exchange
2025-05-12,4.0177,4.2967,3.81,3.9638,3.9638,40276916.9,coinbase-exchange
2025-05-13,3.964,4.128,3.8133,4.0646,4.0646,20638674.7,coinbase-exchange
2025-05-14,4.0642,4.0833,3.8538,3.9154,3.9154,14102400.3,coinbase-exchange
2025-05-15,3.9165,3.9612,3.6422,3.8495,3.8495,28858027.7,coinbase-exchange
2025-05-16,3.8501,3.953,3.74,3.7812,3.7812,15770253.0,coinbase-exchange
2025-05-17,3.7821,3.8641,3.6728,3.8036,3.8036,13103044.8,coinbase-exchange
2025-05-18,3.803,4.0077,3.695,3.9452,3.9452,23081353.4,coinbase-exchange
2025-05-19,3.9457,3.9755,3.5831,3.8394,3.8394,22880100.1,coinbase-exchange
2025-05-20,3.8398,3.9426,3.7804,3.8552,3.8552,20837876.5,coinbase-exchange
2025-05-21,3.8561,4.0704,3.7975,3.9318,3.9318,27810245.2,coinbase-exchange
2025-05-22,3.9318,4.2,3.6,3.8913,3.8913,63643803.6,coinbase-exchange
2025-05-23,3.8917,3.9581,3.5268,3.5823,3.5823,44768737.0,coinbase-exchange
2025-05-24,3.5816,3.6961,3.5682,3.6266,3.6266,8133811.6,coinbase-exchange
2025-05-25,3.6268,3.6676,3.4386,3.6018,3.6018,14796136.0,coinbase-exchange
2025-05-26,3.6029,3.6645,3.4546,3.4918,3.4918,12830750.7,coinbase-exchange
2025-05-27,3.492,3.7364,3.4055,3.6747,3.6747,21575830.1,coinbase-exchange
2025-05-28,3.6746,3.747,3.5146,3.6066,3.6066,14716620.8,coinbase-exchange
2025-05-29,3.6067,3.7288,3.5106,3.5249,3.5249,16282651.5,coinbase-exchange
2025-05-30,3.5259,3.5514,3.1721,3.1894,3.1894,21890424.7,coinbase-exchange
2025-05-31,3.1891,3.3153,3.055,3.2479,3.2479,18773993.3,coinbase-exchange
2025-06-01,3.2477,3.368,3.1865,3.3454,3.3454,12191747.0,coinbase-exchange
2025-06-02,3.3445,3.3728,3.2217,3.3326,3.3326,11921072.9,coinbase-exchange
2025-06-03,3.3326,3.3945,3.2182,3.2532,3.2532,11922435.3,coinbase-exchange
2025-06-04,3.253,3.294,3.157,3.1645,3.1645,10173481.8,coinbase-exchange
2025-06-05,3.1641,3.2304,2.8752,2.9236,2.9236,21803613.6,coinbase-exchange
2025-06-06,2.9235,3.224,2.9164,3.1965,3.1965,14907401.6,coinbase-exchange
2025-06-07,3.1968,3.3144,3.1733,3.2444,3.2444,10500220.6,coinbase-exchange
2025-06-08,3.2443,3.2839,3.1826,3.2255,3.2255,7303756.8,coinbase-exchange
2025-06-09,3.2246,3.4686,3.1845,3.449,3.449,14695094.5,coinbase-exchange
2025-06-10,3.4499,3.5626,3.3666,3.4926,3.4926,15455489.1,coinbase-exchange
2025-06-11,3.4928,3.5285,3.3399,3.3954,3.3954,14742079.9,coinbase-exchange
2025-06-12,3.3952,3.4,3.1854,3.209,3.209,15480149.0,coinbase-exchange
2025-06-13,3.2094,3.2118,2.92,3.0773,3.0773,30154402.2,coinbase-exchange
2025-06-14,3.0772,3.0783,2.8057,2.9475,2.9475,18714017.8,coinbase-exchange
2025-06-15,2.9478,3.0435,2.9446,3.0235,3.0235,12580287.4,coinbase-exchange
2025-06-16,3.0246,3.1598,2.9729,2.9969,2.9969,18178784.5,coinbase-exchange
2025-06-17,2.9974,3.0593,2.8022,2.8326,2.8326,28065402.8,coinbase-exchange
2025-06-18,2.8332,2.919,2.7069,2.8282,2.8282,21697703.9,coinbase-exchange
2025-06-19,2.8287,2.8681,2.7846,2.8294,2.8294,15667933.8,coinbase-exchange
2025-06-20,2.8298,2.8875,2.6499,2.7167,2.7167,17240507.5,coinbase-exchange
2025-06-21,2.7165,2.7548,2.4581,2.5701,2.5701,20322707.9,coinbase-exchange
2025-06-22,2.5703,2.6191,2.2943,2.4506,2.4506,41734415.1,coinbase-exchange
2025-06-23,2.4503,2.885,2.3957,2.832,2.832,53841499.5,coinbase-exchange
2025-06-24,2.8315,2.9136,2.734,2.7992,2.7992,30197370.4,coinbase-exchange
2025-06-25,2.7985,2.8491,2.7092,2.7335,2.7335,15279144.0,coinbase-exchange
2025-06-26,2.7336,2.8065,2.577,2.602,2.602,28503280.2,coinbase-exchange
2025-06-27,2.6021,2.7971,2.5816,2.7227,2.7227,27679397.8,coinbase-exchange
2025-06-28,2.7228,2.8451,2.6806,2.8031,2.8031,9980576.7,coinbase-exchange
2025-06-29,2.8031,2.9286,2.7689,2.9008,2.9008,12915781.9,coinbase-exchange
2025-06-30,2.9008,2.9118,2.7365,2.7771,2.7771,17792064.2,coinbase-exchange
2025-07-01,2.7776,2.8137,2.6601,2.6724,2.6724,10544737.2,coinbase-exchange
2025-07-02,2.6725,2.964,2.6476,2.9,2.9,19841170.0,coinbase-exchange
2025-07-03,2.8997,3.091,2.8736,3.0235,3.0235,21227583.0,coinbase-exchange
2025-07-04,3.0237,3.0855,2.823,2.8771,2.8771,15708266.2,coinbase-exchange
2025-07-05,2.8776,2.9375,2.8598,2.8998,2.8998,7824079.2,coinbase-exchange
2025-07-06,2.8994,2.9684,2.868,2.9098,2.9098,12951974.4,coinbase-exchange
2025-07-07,2.9097,2.9522,2.8295,2.8576,2.8576,12041691.4,coinbase-exchange
2025-07-08,2.858,2.9328,2.8263,2.8952,2.8952,11209934.9,coinbase-exchange
2025-07-09,2.8948,3.0996,2.8789,3.0736,3.0736,14593024.3,coinbase-exchange
2025-07-10,3.0736,3.5,3.0602,3.4901,3.4901,25913801.0,coinbase-exchange
2025-07-11,3.4902,3.5732,3.3,3.3885,3.3885,25131704.5,coinbase-exchange
2025-07-12,3.3882,3.4725,3.3103,3.4023,3.4023,13126663.5,coinbase-exchange
2025-07-13,3.4026,3.5411,3.38,3.4938,3.4938,12421775.9,coinbase-exchange
2025-07-14,3.494,4.0,3.4896,3.89,3.89,37355201.6,coinbase-exchange
2025-07-15,3.8896,4.1089,3.812,4.1014,4.1014,33234725.2,coinbase-exchange
2025-07-16,4.1018,4.1028,3.924,3.946,3.946,21756034.1,coinbase-exchange
2025-07-17,3.9444,4.083,3.8642,4.0101,4.0101,21586184.9,coinbase-exchange
2025-07-18,4.0101,4.248,3.6545,3.7832,3.7832,44082750.4,coinbase-exchange
2025-07-19,3.7841,3.8565,3.6923,3.8364,3.8364,11712918.0,coinbase-exchange
2025-07-20,3.8367,4.0356,3.8106,3.8928,3.8928,21279127.4,coinbase-exchange
2025-07-21,3.8925,4.0971,3.8378,3.9621,3.9621,20223329.1,coinbase-exchange
2025-07-22,3.962,4.0358,3.8026,4.0094,4.0094,19061640.7,coinbase-exchange
2025-07-23,4.0108,4.0263,3.5869,3.7192,3.7192,20519863.6,coinbase-exchange
2025-07-24,3.7196,3.8742,3.519,3.7218,3.7218,19054801.4,coinbase-exchange
2025-07-25,3.7214,4.004,3.5901,3.9501,3.9501,24879235.6,coinbase-exchange
2025-07-26,3.9506,4.3468,3.935,4.16,4.16,31097043.1,coinbase-exchange
2025-07-27,4.1603,4.4304,4.12,4.3269,4.3269,30337776.7,coinbase-exchange
2025-07-28,4.3271,4.4444,3.8823,3.9097,3.9097,24975103.9,coinbase-exchange
2025-07-29,3.9093,4.0088,3.7511,3.8124,3.8124,16596107.4,coinbase-exchange
2025-07-30,3.8135,3.8435,3.6202,3.7581,3.7581,16367263.0,coinbase-exchange
2025-07-31,3.7575,3.96,3.59,3.6141,3.6141,18664973.7,coinbase-exchange
2025-08-01,3.614,3.636,3.3523,3.4573,3.4573,31073507.5,coinbase-exchange
2025-08-02,3.4575,3.5341,3.2649,3.3338,3.3338,14869160.5,coinbase-exchange
2025-08-03,3.3346,3.484,3.2809,3.4474,3.4474,10602492.8,coinbase-exchange
2025-08-04,3.4476,3.6366,3.408,3.5898,3.5898,15442505.3,coinbase-exchange
2025-08-05,3.5893,3.6017,3.3433,3.4101,3.4101,12076919.8,coinbase-exchange
2025-08-06,3.4113,3.5292,3.3273,3.4984,3.4984,11072673.5,coinbase-exchange
2025-08-07,3.4984,3.7961,3.4433,3.7888,3.7888,17964104.6,coinbase-exchange
2025-08-08,3.7884,3.8871,3.7153,3.8388,3.8388,15361039.0,coinbase-exchange
2025-08-09,3.8391,3.98,3.8274,3.8999,3.8999,14532234.5,coinbase-exchange
2025-08-10,3.8999,3.9999,3.7772,3.876,3.876,11200095.1,coinbase-exchange
2025-08-11,3.8763,3.9777,3.6202,3.6542,3.6542,18968079.8,coinbase-exchange
2025-08-12,3.6541,3.9347,3.6,3.882,3.882,15766751.0,coinbase-exchange
2025-08-13,3.8816,4.0728,3.8143,4.0061,4.0061,19469933.0,coinbase-exchange
2025-08-14,4.0062,4.1825,3.655,3.758,3.758,28846323.7,coinbase-exchange
2025-08-15,3.7581,3.8837,3.6201,3.7126,3.7126,14029739.8,coinbase-exchange
2025-08-16,3.7126,3.7838,3.6692,3.7751,3.7751,6147477.6,coinbase-exchange
2025-08-17,3.7755,3.8959,3.7417,3.7659,3.7659,7580576.3,coinbase-exchange
2025-08-18,3.7653,3.7788,3.5219,3.6039,3.6039,20365602.4,coinbase-exchange
2025-08-19,3.604,3.6797,3.4136,3.4216,3.4216,17731407.5,coinbase-exchange
2025-08-20,3.4216,3.588,3.38,3.5562,3.5562,14485328.6,coinbase-exchange
2025-08-21,3.5568,3.5819,3.3825,3.4119,3.4119,8613236.7,coinbase-exchange
2025-08-22,3.4118,3.7763,3.3024,3.7617,3.7617,22521284.0,coinbase-exchange
2025-08-23,3.7617,3.8029,3.6045,3.735,3.735,10434200.1,coinbase-exchange
2025-08-24,3.7349,3.8488,3.602,3.6804,3.6804,13441301.0,coinbase-exchange
2025-08-25,3.681,3.74,3.3123,3.3406,3.3406,16575727.6,coinbase-exchange
2025-08-26,3.3411,3.4922,3.323,3.4529,3.4529,12731724.6,coinbase-exchange
2025-08-27,3.4534,3.52,3.4108,3.4366,3.4366,10007324.7,coinbase-exchange
2025-08-28,3.4365,3.5299,3.4111,3.4918,3.4918,7753625.3,coinbase-exchange
2025-08-29,3.4917,3.4982,3.2087,3.2817,3.2817,20614681.3,coinbase-exchange
2025-08-30,3.2816,3.3443,3.224,3.306,3.306,5120412.4,coinbase-exchange
2025-08-31,3.3065,3.3507,3.2456,3.2498,3.2498,4409870.4,coinbase-exchange
2025-09-01,3.2489,3.3387,3.111,3.2043,3.2043,11900822.8,coinbase-exchange
2025-09-02,3.2043,3.3214,3.1896,3.3166,3.3166,11344304.9,coinbase-exchange
2025-09-03,3.3168,3.4071,3.2671,3.3888,3.3888,10537155.5,coinbase-exchange
2025-09-04,3.3882,3.4018,3.234,3.2856,3.2856,6681870.0,coinbase-exchange
2025-09-05,3.2854,3.457,3.2743,3.3741,3.3741,8196383.8,coinbase-exchange
2025-09-06,3.3739,3.4073,3.3122,3.3358,3.3358,4212689.6,coinbase-exchange
2025-09-07,3.336,3.4216,3.334,3.3963,3.3963,4288277.8,coinbase-exchange
2025-09-08,3.396,3.5133,3.3634,3.499,3.499,7916144.2,coinbase-exchange
2025-09-09,3.499,3.6168,3.4253,3.4685,3.4685,10936381.7,coinbase-exchange
2025-09-10,3.4686,3.6314,3.4557,3.62,3.62,10329723.1,coinbase-exchange
2025-09-11,3.6198,3.6758,3.5564,3.6688,3.6688,9053426.6,coinbase-exchange
2025-09-12,3.6683,3.7284,3.5843,3.7227,3.7227,11734422.6,coinbase-exchange
2025-09-13,3.7228,3.8834,3.708,3.8156,3.8156,13601217.8,coinbase-exchange
2025-09-14,3.8162,3.826,3.6428,3.6879,3.6879,8944003.7,coinbase-exchange
2025-09-15,3.6879,3.7233,3.4616,3.5228,3.5228,14967382.3,coinbase-exchange
2025-09-16,3.522,3.6547,3.4683,3.6006,3.6006,10487765.1,coinbase-exchange
2025-09-17,3.6006,3.8077,3.5241,3.7736,3.7736,15663606.4,coinbase-exchange
2025-09-18,3.7737,3.9768,3.7541,3.8904,3.8904,25860057.7,coinbase-exchange
2025-09-19,3.8912,3.9183,3.614,3.6394,3.6394,15324159.1,coinbase-exchange
2025-09-20,3.639,3.7121,3.6216,3.6583,3.6583,4805119.7,coinbase-exchange
2025-09-21,3.6582,3.6859,3.5907,3.6114,3.6114,4721453.2,coinbase-exchange
2025-09-22,3.6106,3.6315,3.2514,3.366,3.366,16469738.3,coinbase-exchange
2025-09-23,3.3657,3.4199,3.2813,3.3211,3.3211,9347334.3,coinbase-exchange
2025-09-24,3.3209,3.4428,3.2368,3.3647,3.3647,9206980.2,coinbase-exchange
2025-09-25,3.3648,3.3712,3.0693,3.1131,3.1131,21891899.2,coinbase-exchange
2025-09-26,3.1134,3.26,3.0748,3.2231,3.2231,12098647.7,coinbase-exchange
2025-09-27,3.2232,3.2313,3.1524,3.1807,3.1807,4032871.3,coinbase-exchange
2025-09-28,3.1802,3.2871,3.097,3.2791,3.2791,5776591.9,coinbase-exchange
2025-09-29,3.2792,3.332,3.2038,3.2816,3.2816,9400833.5,coinbase-exchange
2025-09-30,3.2813,3.3127,3.1523,3.2604,3.2604,9600669.4,coinbase-exchange
2025-10-01,3.2604,3.5358,3.216,3.5229,3.5229,14334858.5,coinbase-exchange
2025-10-02,3.523,3.6476,3.4827,3.5889,3.5889,14994927.1,coinbase-exchange
2025-10-03,3.5889,3.6707,3.524,3.5809,3.5809,16611705.4,coinbase-exchange
2025-10-04,3.581,3.6312,3.4924,3.6248,3.6248,8417050.8,coinbase-exchange
2025-10-05,3.6247,3.6926,3.5239,3.5649,3.5649,12225142.8,coinbase-exchange
2025-10-06,3.5651,3.7074,3.5402,3.624,3.624,13017906.8,coinbase-exchange
2025-10-07,3.6241,3.6689,3.4432,3.4514,3.4514,12908273.5,coinbase-exchange
2025-10-08,3.4515,3.5678,3.4258,3.5359,3.5359,8880997.3,coinbase-exchange
2025-10-09,3.5358,3.5414,3.33,3.4082,3.4082,11701667.8,coinbase-exchange
2025-10-10,3.4086,3.4812,2.0,2.65,2.65,38789863.8,coinbase-exchange
2025-10-11,2.6564,2.8208,2.4848,2.5442,2.5442,32280099.0,coinbase-exchange
2025-10-12,2.5443,2.8774,2.44,2.8108,2.8108,39471136.8,coinbase-exchange
2025-10-13,2.8109,3.0168,2.7487,2.9939,2.9939,28857233.8,coinbase-exchange
2025-10-14,2.9934,3.0019,2.6527,2.822,2.822,40093288.1,coinbase-exchange
2025-10-15,2.8212,2.8923,2.645,2.6808,2.6808,16384528.7,coinbase-exchange
2025-10-16,2.6806,2.7421,2.4976,2.5156,2.5156,25584558.6,coinbase-exchange
2025-10-17,2.5157,2.5448,2.2809,2.4376,2.4376,43459843.7,coinbase-exchange
2025-10-18,2.438,2.5259,2.4182,2.501,2.501,9433430.1,coinbase-exchange
2025-10-19,2.5008,2.66,2.4414,2.581,2.581,16182646.8,coinbase-exchange
2025-10-20,2.5813,2.685,2.5217,2.5748,2.5748,12092502.0,coinbase-exchange
2025-10-21,2.5746,2.6856,2.47,2.4899,2.4899,18073212.1,coinbase-exchange
2025-10-22,2.49,2.5023,2.3401,2.381,2.381,27742892.0,coinbase-exchange
2025-10-23,2.3812,2.5053,2.3712,2.4299,2.4299,12145133.0,coinbase-exchange
2025-10-24,2.43,2.5376,2.4002,2.5234,2.5234,15941011.8,coinbase-exchange
2025-10-25,2.5235,2.549,2.467,2.5344,2.5344,4661868.8,coinbase-exchange
2025-10-26,2.5343,2.6834,2.4973,2.6773,2.6773,14222708.0,coinbase-exchange
2025-10-27,2.677,2.719,2.5749,2.611,2.611,17941694.6,coinbase-exchange
2025-10-28,2.6107,2.6592,2.46,2.5061,2.5061,15332261.0,coinbase-exchange
2025-10-29,2.506,2.5917,2.4409,2.5119,2.5119,12074348.9,coinbase-exchange
2025-10-30,2.512,2.5406,2.2063,2.2913,2.2913,23177732.5,coinbase-exchange
2025-10-31,2.2916,2.3992,2.2884,2.3625,2.3625,18043994.6,coinbase-exchange
2025-11-01,2.3626,2.4021,2.3308,2.3773,2.3773,7101584.9,coinbase-exchange
2025-11-02,2.3772,2.3949,2.2836,2.3539,2.3539,9148447.0,coinbase-exchange
2025-11-03,2.3539,2.3623,2.0102,2.0694,2.0694,26148828.2,coinbase-exchange
2025-11-04,2.0694,2.1074,1.83,1.975,1.975,40439105.2,coinbase-exchange
2025-11-05,1.9751,2.0715,1.8797,2.0322,2.0322,21463067.0,coinbase-exchange
2025-11-06,2.0319,2.0563,1.9,1.967,1.967,21060563.8,coinbase-exchange
2025-11-07,1.9669,2.1937,1.9287,2.1443,2.1443,28413258.3,coinbase-exchange
2025-11-08,2.1438,2.1985,2.06,2.1222,2.1222,10111241.9,coinbase-exchange
2025-11-09,2.122,2.1715,2.0492,2.1447,2.1447,10779485.5,coinbase-exchange
2025-11-10,2.1443,2.2308,2.1101,2.1623,2.1623,18101584.7,coinbase-exchange
2025-11-11,2.1624,2.2045,2.0014,2.0072,2.0072,24534982.6,coinbase-exchange
2025-11-12,2.0074,2.0981,1.9495,1.967,1.967,13121802.3,coinbase-exchange
2025-11-13,1.9666,2.0536,1.82,1.8689,1.8689,22927004.6,coinbase-exchange
2025-11-14,1.8686,1.8772,1.706,1.7388,1.7388,31774933.8,coinbase-exchange
2025-11-15,1.7389,1.8053,1.7357,1.7683,1.7683,10000951.4,coinbase-exchange
2025-11-16,1.7684,1.7804,1.6403,1.6782,1.6782,16854126.1,coinbase-exchange
2025-11-17,1.678,1.7334,1.5779,1.6157,1.6157,20536743.9,coinbase-exchange
2025-11-18,1.6157,1.7,1.5774,1.6676,1.6676,20166280.7,coinbase-exchange
2025-11-19,1.6672,1.678,1.5074,1.6044,1.6044,20961858.1,coinbase-exchange
2025-11-20,1.6045,1.6591,1.4794,1.4951,1.4951,22404074.6,coinbase-exchange
2025-11-21,1.4952,1.5175,1.3135,1.3899,1.3899,40722980.6,coinbase-exchange
2025-11-22,1.3898,1.3982,1.3106,1.3449,1.3449,12949094.5,coinbase-exchange
2025-11-23,1.3452,1.4079,1.3415,1.368,1.368,19658921.9,coinbase-exchange
2025-11-24,1.3684,1.568,1.3409,1.527,1.527,34459937.4,coinbase-exchange
2025-11-25,1.5266,1.6163,1.4581,1.5629,1.5629,30385529.5,coinbase-exchange
2025-11-26,1.5631,1.5655,1.4693,1.5435,1.5435,20962111.0,coinbase-exchange
2025-11-27,1.5433,1.5846,1.5176,1.5436,1.5436,13603515.4,coinbase-exchange
2025-11-28,1.5431,1.5996,1.5044,1.5217,1.5217,15452320.9,coinbase-exchange
2025-11-29,1.5217,1.5313,1.4856,1.4991,1.4991,8877530.1,coinbase-exchange
2025-11-30,1.4989,1.5704,1.4942,1.4973,1.4973,11218579.3,coinbase-exchange
2025-12-01,1.4972,1.5017,1.3058,1.3456,1.3456,29071943.0,coinbase-exchange
2025-12-02,1.3452,1.6506,1.3319,1.6283,1.6283,39330445.0,coinbase-exchange
2025-12-03,1.628,1.79,1.6161,1.6911,1.6911,60817237.7,coinbase-exchange
2025-12-04,1.6911,1.7204,1.6126,1.6591,1.6591,25991769.5,coinbase-exchange
2025-12-05,1.6588,1.6774,1.5325,1.5558,1.5558,44028650.1,coinbase-exchange
2025-12-06,1.5558,1.5659,1.5107,1.5638,1.5638,11605511.8,coinbase-exchange
2025-12-07,1.564,1.6616,1.5126,1.5839,1.5839,26326297.1,coinbase-exchange
2025-12-08,1.5842,1.6591,1.5711,1.6104,1.6104,18157124.5,coinbase-exchange
2025-12-09,1.61,1.7287,1.5737,1.6593,1.6593,18990937.0,coinbase-exchange
2025-12-10,1.6594,1.717,1.6002,1.6156,1.6156,20077051.1,coinbase-exchange
2025-12-11,1.6149,1.6354,1.5191,1.6124,1.6124,24959107.7,coinbase-exchange
2025-12-12,1.6127,1.6646,1.5378,1.5596,1.5596,18713926.3,coinbase-exchange
2025-12-13,1.5595,1.6192,1.556,1.6049,1.6049,5597327.0,coinbase-exchange
2025-12-14,1.6047,1.6428,1.5253,1.5536,1.5536,11173582.6,coinbase-exchange
2025-12-15,1.5532,1.6043,1.4306,1.4691,1.4691,20924227.4,coinbase-exchange
2025-12-16,1.4691,1.5341,1.4379,1.5113,1.5113,17731026.4,coinbase-exchange
2025-12-17,1.5112,1.5446,1.4012,1.4234,1.4234,19749911.7,coinbase-exchange
2025-12-18,1.4228,1.4739,1.3261,1.3459,1.3459,21611063.4,coinbase-exchange
2025-12-19,1.3458,1.4968,1.3278,1.4812,1.4812,21096892.6,coinbase-exchange
2025-12-20,1.481,1.4844,1.4508,1.4539,1.4539,5369195.5,coinbase-exchange
2025-12-21,1.454,1.4769,1.4137,1.4448,1.4448,6808222.3,coinbase-exchange
2025-12-22,1.4447,1.491,1.4282,1.4615,1.4615,11952109.5,coinbase-exchange
2025-12-23,1.4616,1.4699,1.4057,1.4352,1.4352,10355060.6,coinbase-exchange
2025-12-24,1.435,1.4388,1.388,1.4145,1.4145,8197652.8,coinbase-exchange
2025-12-25,1.4147,1.425,1.3526,1.3623,1.3623,6125185.8,coinbase-exchange
2025-12-26,1.3621,1.418,1.3562,1.3976,1.3976,9205670.1,coinbase-exchange
2025-12-27,1.3973,1.4573,1.3931,1.4502,1.4502,5567960.5,coinbase-exchange
2025-12-28,1.4504,1.4793,1.4271,1.4452,1.4452,7794447.3,coinbase-exchange
2025-12-29,1.4454,1.515,1.4297,1.438,1.438,15437588.8,coinbase-exchange
2025-12-30,1.4379,1.4512,1.416,1.4319,1.4319,12094834.7,coinbase-exchange
2025-12-31,1.4318,1.457,1.3848,1.4028,1.4028,19665038.6,coinbase-exchange
2026-01-01,1.4023,1.4747,1.3919,1.4699,1.4699,11634102.9,coinbase-exchange
2026-01-02,1.4701,1.6411,1.4591,1.6075,1.6075,21849068.2,coinbase-exchange
2026-01-03,1.6076,1.6907,1.6076,1.6652,1.6652,14050224.1,coinbase-exchange
2026-01-04,1.665,1.7513,1.6629,1.6928,1.6928,17236666.9,coinbase-exchange
2026-01-05,1.6922,1.95,1.658,1.8998,1.8998,31088168.3,coinbase-exchange
2026-01-06,1.8999,2.0211,1.8101,1.9031,1.9031,48777617.6,coinbase-exchange
2026-01-07,1.9033,1.9785,1.7971,1.819,1.819,24988820.3,coinbase-exchange
2026-01-08,1.8191,1.8544,1.7403,1.8151,1.8151,27689853.6,coinbase-exchange
2026-01-09,1.8151,1.8501,1.7666,1.8095,1.8095,20269775.4,coinbase-exchange
2026-01-10,1.8087,1.846,1.7762,1.7925,1.7925,9486663.6,coinbase-exchange
2026-01-11,1.7924,1.8317,1.7651,1.7941,1.7941,10107085.2,coinbase-exchange
2026-01-12,1.7941,1.8494,1.7433,1.76,1.76,19240333.8,coinbase-exchange
2026-01-13,1.759,1.9399,1.751,1.8802,1.8802,20933688.8,coinbase-exchange
2026-01-14,1.8799,1.9649,1.811,1.8533,1.8533,25877923.3,coinbase-exchange
2026-01-15,1.8534,1.8562,1.7557,1.7792,1.7792,17063578.8,coinbase-exchange
2026-01-16,1.7801,1.7979,1.7046,1.788,1.788,15083669.3,coinbase-exchange
2026-01-17,1.7882,1.8153,1.7739,1.786,1.786,6411881.9,coinbase-exchange
2026-01-18,1.7858,1.7967,1.693,1.695,1.695,6397454.2,coinbase-exchange
2026-01-19,1.6945,1.6945,1.5117,1.5669,1.5669,31366496.6,coinbase-exchange
2026-01-20,1.5669,1.5726,1.453,1.4679,1.4679,18293113.1,coinbase-exchange
2026-01-21,1.468,1.5466,1.4393,1.5092,1.5092,22568539.2,coinbase-exchange
2026-01-22,1.5094,1.536,1.4805,1.4941,1.4941,9655723.2,coinbase-exchange
2026-01-23,1.4942,1.5338,1.4604,1.4871,1.4871,9665952.7,coinbase-exchange
2026-01-24,1.4871,1.4956,1.4726,1.4825,1.4825,4121830.5,coinbase-exchange
2026-01-25,1.4824,1.4913,1.36,1.3987,1.3987,16555622.1,coinbase-exchange
2026-01-26,1.3985,1.4659,1.3954,1.4421,1.4421,13177667.0,coinbase-exchange
2026-01-27,1.4422,1.4619,1.4174,1.4386,1.4386,11951401.1,coinbase-exchange
2026-01-28,1.4388,1.4456,1.3912,1.4052,1.4052,11707352.7,coinbase-exchange
2026-01-29,1.406,1.4086,1.2526,1.3189,1.3189,23652552.6,coinbase-exchange
2026-01-30,1.319,1.3347,1.232,1.2717,1.2717,26523884.8,coinbase-exchange
2026-01-31,1.2717,1.2762,1.032,1.1524,1.1524,35462934.9,coinbase-exchange
2026-02-01,1.1522,1.1653,1.0722,1.0998,1.0998,19530125.4,coinbase-exchange
2026-02-02,1.1004,1.1639,1.0599,1.1485,1.1485,26228115.6,coinbase-exchange
2026-02-03,1.1485,1.1669,1.0719,1.1107,1.1107,24899863.9,coinbase-exchange
2026-02-04,1.1107,1.1388,1.0507,1.082,1.082,29620737.3,coinbase-exchange
2026-02-05,1.0819,1.0907,0.8743,0.8813,0.8813,66326663.6,coinbase-exchange
2026-02-06,0.8812,1.0297,0.7889,1.0142,1.0142,64227904.3,coinbase-exchange
2026-02-07,1.0145,1.021,0.9617,1.0044,1.0044,18480414.9,coinbase-exchange
2026-02-08,1.0046,1.0083,0.964,0.9716,0.9716,14429229.8,coinbase-exchange
2026-02-09,0.9717,0.9878,0.925,0.963,0.963,23245384.4,coinbase-exchange
2026-02-10,0.9631,0.9743,0.914,0.9295,0.9295,13770189.4,coinbase-exchange
2026-02-11,0.9297,0.9371,0.874,0.8936,0.8936,20217082.2,coinbase-exchange
2026-02-12,0.8937,0.9583,0.8923,0.9216,0.9216,16051513.9,coinbase-exchange
2026-02-13,0.9213,0.9849,0.9013,0.9607,0.9607,15741175.7,coinbase-exchange
2026-02-14,0.9608,1.0441,0.9548,1.0287,1.0287,19285644.0,coinbase-exchange
2026-02-15,1.0285,1.0492,0.9571,0.9736,0.9736,15450167.6,coinbase-exchange
2026-02-16,0.9733,1.0042,0.9471,0.9924,0.9924,12575788.0,coinbase-exchange
2026-02-17,0.9925,0.9984,0.9522,0.9676,0.9676,11454841.9,coinbase-exchange
2026-02-18,0.9675,0.986,0.9228,0.9301,0.9301,11252718.8,coinbase-exchange
2026-02-19,0.9301,0.9402,0.8953,0.9276,0.9276,13043661.3,coinbase-exchange
2026-02-20,0.9278,0.9776,0.9157,0.9539,0.9539,16151484.1,coinbase-exchange
2026-02-21,0.9539,0.9699,0.9439,0.9495,0.9495,8595478.9,coinbase-exchange
2026-02-22,0.9493,0.9493,0.9138,0.9249,0.9249,6197830.4,coinbase-exchange
2026-02-23,0.9249,0.9263,0.8611,0.8797,0.8797,21694584.0,coinbase-exchange
2026-02-24,0.8797,0.889,0.8415,0.8599,0.8599,15368786.1,coinbase-exchange
2026-02-25,0.8599,1.026,0.8574,0.9689,0.9689,27695175.4,coinbase-exchange
2026-02-26,0.9689,0.9777,0.9077,0.9377,0.9377,18259145.9,coinbase-exchange
2026-02-27,0.9377,0.9604,0.8824,0.9,0.9,18695996.6,coinbase-exchange
2026-02-28,0.8999,0.9185,0.8266,0.904,0.904,30679656.2,coinbase-exchange
2026-03-01,0.904,0.9498,0.8667,0.8878,0.8878,24694251.6,coinbase-exchange
2026-03-02,0.8879,0.9673,0.8802,0.9232,0.9232,27332092.8,coinbase-exchange
2026-03-03,0.9231,0.9281,0.885,0.9091,0.9091,17992331.6,coinbase-exchange
2026-03-04,0.9088,0.9935,0.8925,0.9572,0.9572,26482241.5,coinbase-exchange
2026-03-05,0.9572,0.9867,0.925,0.9538,0.9538,21297987.0,coinbase-exchange
2026-03-06,0.9538,0.9761,0.8913,0.9015,0.9015,18551495.3,coinbase-exchange
2026-03-07,0.9018,0.9139,0.888,0.8951,0.8951,4777364.1,coinbase-exchange
2026-03-08,0.8952,0.9104,0.8657,0.8799,0.8799,11155531.6,coinbase-exchange
2026-03-09,0.8796,0.9882,0.8792,0.9425,0.9425,22132638.2,coinbase-exchange
2026-03-10,0.9424,1.0101,0.9363,0.9573,0.9573,23659222.1,coinbase-exchange
2026-03-11,0.9574,0.9988,0.9435,0.9787,0.9787,15323983.0,coinbase-exchange
2026-03-12,0.9787,0.9958,0.9592,0.991,0.991,11815869.1,coinbase-exchange
2026-03-13,0.9907,1.0549,0.9868,0.9963,0.9963,24926607.1,coinbase-exchange
2026-03-14,0.9962,1.0039,0.98,1.0016,1.0016,6903033.0,coinbase-exchange
2026-03-15,1.0017,1.0337,0.9931,1.0241,1.0241,7758382.8,coinbase-exchange
2026-03-16,1.0243,1.085,1.0147,1.0724,1.0724,23472731.7,coinbase-exchange
2026-03-17,1.0722,1.0836,1.0105,1.0295,1.0295,15505796.9,coinbase-exchange
2026-03-18,1.0296,1.0496,0.967,0.988,0.988,15833999.8,coinbase-exchange
2026-03-19,0.9881,0.9951,0.9378,0.9589,0.9589,11040867.7,coinbase-exchange
2026-03-20,0.9586,0.9851,0.9487,0.9684,0.9684,8674724.2,coinbase-exchange
2026-03-21,0.9683,0.9719,0.9251,0.9329,0.9329,4382803.2,coinbase-exchange
2026-03-22,0.9327,0.9462,0.8934,0.906,0.906,11632130.4,coinbase-exchange
2026-03-23,0.9059,0.9711,0.8907,0.9529,0.9529,18182249.2,coinbase-exchange
2026-03-24,0.9529,0.9614,0.9282,0.9537,0.9537,14110916.4,coinbase-exchange
2026-03-25,0.9537,0.9755,0.9427,0.9689,0.9689,11922092.5,coinbase-exchange
2026-03-26,0.969,0.9702,0.9088,0.925,0.925,10129991.2,coinbase-exchange
2026-03-27,0.9249,0.9329,0.8691,0.8798,0.8798,12889434.9,coinbase-exchange
2026-03-28,0.8798,0.8986,0.836,0.8589,0.8589,8781113.1,coinbase-exchange
2026-03-29,0.8587,0.8717,0.8201,0.8461,0.8461,9379405.3,coinbase-exchange
2026-03-30,0.8462,0.8919,0.8459,0.8632,0.8632,9117833.4,coinbase-exchange
2026-03-31,0.8633,0.8882,0.8522,0.8777,0.8777,10328817.9,coinbase-exchange
2026-04-01,0.8776,0.9145,0.8712,0.8821,0.8821,10734902.0,coinbase-exchange
2026-04-02,0.882,0.8938,0.8416,0.8612,0.8612,12252466.5,coinbase-exchange
2026-04-03,0.8613,0.8851,0.8569,0.8733,0.8733,6436036.1,coinbase-exchange
2026-04-04,0.8737,0.8795,0.8617,0.8719,0.8719,3773236.9,coinbase-exchange
2026-04-05,0.872,0.8725,0.8385,0.8708,0.8708,5721521.8,coinbase-exchange
2026-04-06,0.8709,0.9232,0.8691,0.8709,0.8709,12385956.2,coinbase-exchange
2026-04-07,0.8708,0.9763,0.8589,0.9597,0.9597,16840984.4,coinbase-exchange
2026-04-08,0.9596,0.9783,0.9109,0.9136,0.9136,18637981.3,coinbase-exchange
2026-04-09,0.9135,0.97,0.9001,0.9306,0.9306,12266116.1,coinbase-exchange
2026-04-10,0.9307,0.9629,0.923,0.9446,0.9446,11288488.8,coinbase-exchange
2026-04-11,0.9442,0.9642,0.9279,0.9416,0.9416,8416717.8,coinbase-exchange
2026-04-12,0.9417,0.9442,0.8973,0.9012,0.9012,9469768.1,coinbase-exchange
2026-04-13,0.9013,0.9623,0.8984,0.96,0.96,12596704.5,coinbase-exchange
2026-04-14,0.9602,0.9639,0.9249,0.9332,0.9332,11425484.8,coinbase-exchange
2026-04-15,0.9331,0.9744,0.9263,0.9593,0.9593,8562161.7,coinbase-exchange
2026-04-16,0.9594,1.0139,0.9527,1.0009,1.0009,18245360.9,coinbase-exchange
2026-04-17,1.0007,1.0441,0.9748,0.9971,0.9971,24032031.4,coinbase-exchange
2026-04-18,0.997,1.0095,0.9513,0.957,0.957,12945265.3,coinbase-exchange
2026-04-19,0.957,0.9721,0.9172,0.923,0.923,11027481.0,coinbase-exchange
2026-04-20,0.9231,0.956,0.9208,0.9449,0.9449,9451630.8,coinbase-exchange
2026-04-21,0.9451,0.9629,0.9266,0.9497,0.9497,11722859.9,coinbase-exchange
2026-04-22,0.9499,0.9765,0.9442,0.9449,0.9449,12675231.2,coinbase-exchange
2026-04-23,0.9451,0.955,0.924,0.9467,0.9467,7652367.0,coinbase-exchange
2026-04-24,0.9467,0.9562,0.9372,0.9462,0.9462,5941851.8,coinbase-exchange
2026-04-25,0.9463,0.9549,0.9317,0.9389,0.9389,3964888.4,coinbase-exchange
2026-04-26,0.9388,0.9512,0.9326,0.9458,0.9458,3902768.0,coinbase-exchange
2026-04-27,0.946,0.9638,0.9145,0.9357,0.9357,11725185.7,coinbase-exchange
2026-04-28,0.9355,0.9362,0.9127,0.925,0.925,6389241.7,coinbase-exchange
2026-04-29,0.9247,0.9378,0.8811,0.9077,0.9077,7257623.1,coinbase-exchange
2026-04-30,0.9076,0.9183,0.8983,0.908,0.908,4164558.6,coinbase-exchange
2026-05-01,0.9085,0.9282,0.9063,0.9189,0.9189,5867271.6,coinbase-exchange
2026-05-02,0.9192,0.9335,0.9144,0.9276,0.9276,3901532.2,coinbase-exchange
2026-05-03,0.9279,0.9301,0.9119,0.9198,0.9198,4257254.6,coinbase-exchange
2026-05-04,0.9197,0.9581,0.9128,0.9288,0.9288,11237946.6,coinbase-exchange
2026-05-05,0.9288,0.9829,0.9279,0.9663,0.9663,12619184.6,coinbase-exchange
2026-05-06,0.9662,1.0344,0.9624,0.9925,0.9925,21526507.4,coinbase-exchange
2026-05-07,0.9925,1.0131,0.9568,0.9691,0.9691,13314118.0,coinbase-exchange
2026-05-08,0.9689,1.0375,0.9592,1.0217,1.0217,9366660.0,coinbase-exchange
2026-05-09,1.0218,1.1235,1.0194,1.0698,1.0698,23591259.6,coinbase-exchange
2026-05-10,1.0702,1.4153,1.0649,1.3327,1.3327,74145138.7,coinbase-exchange
2026-05-11,1.3322,1.3513,1.2458,1.2906,1.2906,41399684.7,coinbase-exchange
2026-05-12,1.2907,1.3135,1.2137,1.238,1.238,19958610.0,coinbase-exchange
2026-05-13,1.238,1.2654,1.1767,1.207,1.207,17714993.8,coinbase-exchange
2026-05-14,1.207,1.2307,1.186,1.1885,1.1885,13785834.3,coinbase-exchange
2026-05-15,1.1886,1.1993,1.0806,1.0989,1.0989,27808101.4,coinbase-exchange
2026-05-16,1.0986,1.1064,1.036,1.0607,1.0607,14028857.4,coinbase-exchange
2026-05-17,1.0608,1.0891,1.0117,1.0435,1.0435,11245305.0,coinbase-exchange
2026-05-18,1.0434,1.0656,1.0226,1.064,1.064,13812600.7,coinbase-exchange
2026-05-19,1.0642,1.1014,1.0469,1.051,1.051,10636786.0,coinbase-exchange
2026-05-20,1.0512,1.0825,1.0283,1.0793,1.0793,13921367.2,coinbase-exchange
2026-05-21,1.079,1.165,1.0765,1.1238,1.1238,43983786.8,coinbase-exchange
2026-05-22,1.1239,1.1337,1.0402,1.0473,1.0473,31747890.5,coinbase-exchange
2026-05-23,1.0472,1.1005,0.9819,1.0664,1.0664,24043981.9,coinbase-exchange
2026-05-24,1.0664,1.0737,1.0056,1.0316,1.0316,13205577.3,coinbase-exchange
2026-05-25,1.0318,1.0627,1.0185,1.0422,1.0422,11555061.1,coinbase-exchange
2026-05-26,1.0423,1.0567,0.9967,0.9996,0.9996,14370525.7,coinbase-exchange
2026-05-27,0.9998,1.0142,0.9529,0.9586,0.9586,15007957.3,coinbase-exchange
2026-05-28,0.9586,0.9615,0.9015,0.9294,0.9294,20259447.2,coinbase-exchange
2026-05-29,0.9294,0.9378,0.8917,0.9042,0.9042,16765559.9,coinbase-exchange
2026-05-30,0.9044,0.919,0.8928,0.9075,0.9075,11796955.4,coinbase-exchange
2026-05-31,0.9076,0.924,0.8494,0.8948,0.8948,14666409.6,coinbase-exchange
2026-06-01,0.895,0.9025,0.8563,0.8785,0.8785,16769814.2,coinbase-exchange
2026-06-02,0.8786,0.8795,0.7908,0.8078,0.8078,27759657.1,coinbase-exchange
2026-06-03,0.808,0.8427,0.7903,0.8238,0.8238,22651415.6,coinbase-exchange
2026-06-04,0.8238,0.8296,0.75,0.7659,0.7659,34268617.2,coinbase-exchange
2026-06-05,0.7658,0.7774,0.6704,0.7033,0.7033,48992054.6,coinbase-exchange
2026-06-06,0.7029,0.73,0.6617,0.718,0.718,25470562.5,coinbase-exchange
2026-06-07,0.7182,0.7802,0.7164,0.7582,0.7582,22673814.1,coinbase-exchange
2026-06-08,0.7582,0.7733,0.7285,0.7558,0.7558,17807885.4,coinbase-exchange
2026-06-09,0.7559,0.7617,0.7299,0.7498,0.7498,16229271.4,coinbase-exchange
2026-06-10,0.7497,0.7609,0.7135,0.726,0.726,16392217.6,coinbase-exchange
2026-06-11,0.7259,0.7695,0.7259,0.7543,0.7543,13014009.6,coinbase-exchange
2026-06-12,0.7542,0.77,0.7446,0.7509,0.7509,9285803.7,coinbase-exchange
2026-06-13,0.7509,0.7765,0.7473,0.7682,0.7682,8772247.0,coinbase-exchange
2026-06-14,0.7679,0.8036,0.7449,0.8029,0.8029,8474990.7,coinbase-exchange
2026-06-15,0.8032,0.8303,0.7856,0.7931,0.7931,18618284.0,coinbase-exchange
2026-06-16,0.793,0.8096,0.7719,0.7965,0.7965,11158081.6,coinbase-exchange
2026-06-17,0.7966,0.8186,0.7568,0.7666,0.7666,13103762.6,coinbase-exchange
2026-06-18,0.7668,0.772,0.7072,0.7289,0.7289,17197895.9,coinbase-exchange
2026-06-19,0.7288,0.732,0.7009,0.716,0.716,8938304.9,coinbase-exchange
2026-06-20,0.716,0.7221,0.6977,0.7133,0.7133,8298396.4,coinbase-exchange
2026-06-21,0.7135,0.7141,0.6896,0.6927,0.6927,8292930.6,coinbase-exchange
2026-06-22,0.6928,0.7443,0.6928,0.7189,0.7189,14528309.8,coinbase-exchange
2026-06-23,0.7188,0.7285,0.6722,0.7032,0.7032,16073390.1,coinbase-exchange
2026-06-24,0.7033,0.7103,0.6519,0.6845,0.6845,20251864.8,coinbase-exchange
2026-06-25,0.6847,0.7008,0.6504,0.683,0.683,19622499.4,coinbase-exchange
2026-06-26,0.683,0.7028,0.658,0.6976,0.6976,16072591.3,coinbase-exchange
2026-06-27,0.6977,0.7167,0.6774,0.6834,0.6834,10028075.4,coinbase-exchange
2026-06-28,0.6833,0.6907,0.67,0.6796,0.6796,4916568.9,coinbase-exchange
2026-06-29,0.6795,0.7074,0.6715,0.7018,0.7018,12759360.7,coinbase-exchange
2026-06-30,0.7015,0.7023,0.6765,0.6896,0.6896,9354137.8,coinbase-exchange
2026-07-01,0.6898,0.7296,0.6768,0.7151,0.7151,13741033.8,coinbase-exchange
2026-07-02,0.7152,0.7529,0.7096,0.7347,0.7347,12315881.1,coinbase-exchange
2026-07-03,0.7348,0.7791,0.7282,0.7687,0.7687,12657341.6,coinbase-exchange
2026-07-04,0.7686,0.7824,0.7505,0.7615,0.7615,10701356.2,coinbase-exchange
2026-07-05,0.7616,0.7658,0.7368,0.7564,0.7564,6411950.3,coinbase-exchange
2026-07-06,0.7559,0.7675,0.72,0.7495,0.7495,10640979.5,coinbase-exchange
2026-07-07,0.7496,0.754,0.719,0.7274,0.7274,8116954.1,coinbase-exchange
2026-07-08,0.7274,0.7334,0.6946,0.7106,0.7106,11168751.9,coinbase-exchange
2026-07-09,0.7107,0.732,0.7072,0.7167,0.7167,6049568.9,coinbase-exchange
2026-07-10,0.7168,0.7499,0.7114,0.7384,0.7384,10811024.8,coinbase-exchange
2026-07-11,0.7383,0.7543,0.728,0.7288,0.7288,8308204.3,coinbase-exchange
2026-07-12,0.7287,0.7481,0.7214,0.736,0.736,5090751.3,coinbase-exchange
2026-07-13,0.7356,0.7465,0.707,0.7217,0.7217,6214140.8,coinbase-exchange
2026-07-14,0.7214,0.7666,0.7184,0.7619,0.7619,12467370.2,coinbase-exchange
2026-07-15,0.762,0.7676,0.7441,0.7547,0.7547,7345036.7,coinbase-exchange
2026-07-16,0.7546,0.7652,0.7331,0.7385,0.7385,7333083.5,coinbase-exchange
2026-07-17,0.7383,0.7477,0.7209,0.7396,0.7396,9022535.2,coinbase-exchange
2026-07-18,0.7397,0.7459,0.7311,0.7432,0.7432,3663580.3,coinbase-exchange
2026-07-19,0.7433,0.7569,0.74,0.7487,0.7487,3768118.0,coinbase-exchange
2026-07-20,0.7487,0.7739,0.7386,0.763,0.763,9924859.5,coinbase-exchange
2026-07-21,0.7631,0.7776,0.7602,0.7715,0.7715,8728547.5,coinbase-exchange
2026-07-22,0.7714,0.779,0.7524,0.7642,0.7642,7951616.4,coinbase-exchange
2026-07-23,0.7641,0.775,0.7395,0.744,0.744,6558452.1,coinbase-exchange
2026-07-24,0.744,0.7481,0.7066,0.7102,0.7102,7982608.8,coinbase-exchange
2026-07-25,0.7101,0.7173,0.7015,0.7106,0.7106,4160275.8,coinbase-exchange
2026-07-26,0.7107,0.7259,0.7102,0.7228,0.7228,5070624.9,coinbase-exchange
2026-07-27,0.7227,0.7239,0.674,0.68,0.68,10801966.1,coinbase-exchange
2026-07-28,0.6803,0.6959,0.673,0.6917,0.6917,8633354.5,coinbase-exchange
2026-07-29,0.6918,0.6971,0.676,0.686,0.686,7028997.3,coinbase-exchange
2026-07-30,0.686,0.7063,0.6809,0.6917,0.6917,6461735.2,coinbase-exchange
2026-07-31,0.6918,0.6969,0.6762,0.6816,0.6816,6326652.0,coinbase-exchange
2026-08-01,0.6817,0.6896,0.6628,0.6754,0.6754,5191527.1,coinbase-exchange
2026-08-02,0.6755,0.6951,0.6755,0.6893,0.6893,6242295.6,coinbase-exchange
2026-08-03,0.6892,0.6975,0.6783,0.69,0.69,4820916.7,coinbase-exchange
2026-08-04,0.6901,0.6998,0.6864,0.6925,0.6925,4217063.8,coinbase-exchange
2026-08-05,0.6924,0.6955,0.6827,0.6895,0.6895,5122586.6,coinbase-exchange
2026-08-06,0.6897,0.6916,0.6668,0.672,0.672,8545439.6,coinbase-exchange
2026-08-07,0.6718,0.679,0.6642,0.6719,0.6719,6563442.6,coinbase-exchange
2026-08-08,0.6718,0.7067,0.6708,0.6917,0.6917,9844027.2,coinbase-exchange
2026-08-09,0.6916,0.7052,0.6832,0.6862,0.6862,7871181.1,coinbase-exchange
2026-08-10,0.686,0.6974,0.6816,0.6834,0.6834,8013247.9,coinbase-exchange
2026-08-11,0.6833,0.6945,0.6719,0.6926,0.6926,6452264.0,coinbase-exchange
2026-08-12,0.6925,0.6988,0.6741,0.6808,0.6808,8053116.0,coinbase-exchange
2026-08-13,0.6807,0.6939,0.6795,0.6892,0.6892,4356283.5,coinbase-exchange
2026-08-14,0.6893,0.6904,0.6711,0.6823,0.6823,4953122.0,coinbase-exchange
2026-08-15,0.6824,0.6881,0.6763,0.6766,0.6766,3960795.5,coinbase-exchange
2026-08-16,0.6766,0.6811,0.6666,0.6702,0.6702,3815639.7,coinbase-exchange
2026-08-17,0.6701,0.68,0.6668,0.6748,0.6748,5747557.7,coinbase-exchange
2026-08-18,0.6745,0.6757,0.6343,0.6514,0.6514,16920539.9,coinbase-exchange
2026-08-19,0.6514,0.7247,0.648,0.7057,0.7057,21575427.4,coinbase-exchange
2026-08-20,0.7057,0.7531,0.6937,0.7339,0.7339,24916315.0,coinbase-exchange
2026-08-21,0.734,0.8649,0.7328,0.8439,0.8439,42617446.5,coinbase-exchange
2026-08-22,0.8441,0.9546,0.77,0.8148,0.8148,55315623.8,coinbase-exchange
2026-08-23,0.8152,0.8581,0.7784,0.8501,0.8501,28788718.6,coinbase-exchange
2026-08-24,0.8501,0.8506,0.7901,0.8,0.8,28708367.5,coinbase-exchange
2026-08-25,0.7998,0.8362,0.745,0.7575,0.7575,27713638.0,coinbase-exchange
2026-08-26,0.7571,0.77,0.7259,0.7678,0.7678,18231439.5,coinbase-exchange
2026-08-27,0.7678,0.7944,0.7437,0.78,0.78,24002796.3,coinbase-exchange
2026-08-28,0.78,0.8012,0.7296,0.7433,0.7433,24829662.7,coinbase-exchange
2026-08-29,0.7433,0.7492,0.7317,0.7452,0.7452,13794844.8,coinbase-exchange
2026-08-30,0.745,0.7641,0.7,0.7116,0.7116,20506549.9,coinbase-exchange
2026-08-31,0.7117,0.7353,0.7064,0.7268,0.7268,21155695.6,coinbase-exchange
2026-09-01,0.7266,0.7377,0.7115,0.7217,0.7217,16234812.9,coinbase-exchange
2026-09-02,0.7214,0.7503,0.7038,0.7463,0.7463,17035045.7,coinbase-exchange
2026-09-03,0.746,0.7972,0.7384,0.7837,0.7837,26661540.8,coinbase-exchange
2026-09-04,0.7834,0.7872,0.7397,0.7556,0.7556,18990231.1,coinbase-exchange
2026-09-05,0.7555,0.8132,0.7549,0.795,0.795,24942240.1,coinbase-exchange
2026-09-06,0.7952,0.8191,0.784,0.8113,0.8113,18201020.1,coinbase-exchange
2026-09-07,0.8115,0.8451,0.7861,0.8186,0.8186,26645252.2,coinbase-exchange
2026-09-08,0.8186,0.8365,0.7954,0.8113,0.8113,25724688.7,coinbase-exchange
2026-09-09,0.8114,0.8292,0.7621,0.7721,0.7721,18652994.8,coinbase-exchange
2026-09-10,0.7716,0.7731,0.7243,0.7276,0.7276,17899172.1,coinbase-exchange
2026-09-11,0.728,0.7655,0.701,0.7256,0.7256,35926092.7,coinbase-exchange
2026-09-12,0.7255,0.7306,0.7191,0.7246,0.7246,9211535.0,coinbase-exchange
2026-09-13,0.7249,0.7311,0.6978,0.7016,0.7016,11566273.6,coinbase-exchange
2026-09-14,0.7019,0.7479,0.6925,0.721,0.721,23022657.2,coinbase-exchange
2026-09-15,0.7208,0.7228,0.6729,0.6864,0.6864,24833910.2,coinbase-exchange
2026-09-16,0.6863,0.7179,0.6774,0.7127,0.7127,17049030.8,coinbase-exchange
2026-09-17,0.7126,0.7421,0.7085,0.741,0.741,19526606.3,coinbase-exchange
2026-09-18,0.7408,0.8226,0.7367,0.8139,0.8139,36028107.8,coinbase-exchange
2026-09-19,0.8142,0.8873,0.8067,0.8572,0.8572,36930660.5,coinbase-exchange
2026-09-20,0.857,0.9214,0.8051,0.8974,0.8974,55422601.7,coinbase-exchange
2026-09-21,0.897,1.0568,0.8954,1.0425,1.0425,80394080.4,coinbase-exchange
2026-09-22,1.0418,1.0821,0.9861,1.0242,1.0242,42994798.4,coinbase-exchange
2026-09-23,1.0242,1.0381,0.933,0.96,0.96,39701367.8,coinbase-exchange
2026-09-24,0.9597,0.9785,0.9356,0.9419,0.9419,8418003.3,coinbase-daily-plus-spot-ticker
